path,bytes,status,purpose,deletion_advice
deepseek-v4-csa/PROVENANCE.json,9785,tracked,源版本、采集身份、工具/验证信息及随包文件SHA-256清单。,保留；不是运行必需，但用于确认代码与采集配套。文件删改后必须同步清单。
deepseek-v4-csa/chip_swimlane_records.json,233055,tracked,原始芯片采集：核类型、任务ID、开始/结束时间及调度记录；物理记录统计的依据。,保留；删除将失去该次实测证据，重新运行不保证相同耗时。
deepseek-v4-csa/concurrency_analysis.json,3187,tracked,该次采集的静态/实测并发分析；B还包含逐kernel时间统计。,可选删除；丢失机器可读分析且README引用需调整，建议保留。
deepseek-v4-csa/dependency_graph.svg,46235,tracked,合并算子后的近似对称依赖图，省略传递边，MIX每block计一个任务。,可重建，但用户指定交付，建议保留。
deepseek-v4-csa/dependency_graph_counts.json,18232,tracked,SVG节点计数、成员TaskId、原始记录数、合并前后依赖边；便于审计图示。,可选删除；SVG生成时可重建，不影响运行或打开SVG。
deepseek-v4-csa/deps.json,108787,tracked,逻辑任务、kernel ID、BlockDim、张量和wait依赖；依赖图及静态并发分析的依据。,保留；是约定交付物和SVG生成输入。
deepseek-v4-csa/deps_viewer.html,133307,tracked,可直接打开的逻辑依赖图网页。,技术上可从deps和名称映射重建；按当前交付要求保留。
deepseek-v4-csa/merged_swimlane.json,2916300,tracked,用于trace查看器的合并泳道展示数据，将采集整理为时间线事件。,可选删除；不影响算子执行，但失去现成时间线；需同步README/PROVENANCE并使用匹配工具重建。
deepseek-v4-csa/name_map.json,1472,tracked,callable/kernel ID到可读算子名称的映射。,保留；SVG及分析脚本直接读取，不能只删此文件。
deepseek-v4-csa/pypto-lib-operator/LICENSE,5262,tracked,该份源码/生成代码的上游许可证文本。,保留；随代码分发，不作为冗余文件清理。
deepseek-v4-csa/pypto-lib-operator/__pycache__/config.cpython-311.pyc,8872,local/ignored,Python导入生成的字节码缓存。,可清理；后续导入自动重建。
deepseek-v4-csa/pypto-lib-operator/__pycache__/decode_compressor_ratio4.cpython-311.pyc,38658,local/ignored,Python导入生成的字节码缓存。,可清理；后续导入自动重建。
deepseek-v4-csa/pypto-lib-operator/__pycache__/decode_csa.cpython-311.pyc,67147,local/ignored,Python导入生成的字节码缓存。,可清理；后续导入自动重建。
deepseek-v4-csa/pypto-lib-operator/__pycache__/decode_indexer.cpython-311.pyc,52966,local/ignored,Python导入生成的字节码缓存。,可清理；后续导入自动重建。
deepseek-v4-csa/pypto-lib-operator/__pycache__/decode_indexer_compressor.cpython-311.pyc,44382,local/ignored,Python导入生成的字节码缓存。,可清理；后续导入自动重建。
deepseek-v4-csa/pypto-lib-operator/__pycache__/decode_sparse_attn_csa.cpython-311.pyc,58736,local/ignored,Python导入生成的字节码缓存。,可清理；后续导入自动重建。
deepseek-v4-csa/pypto-lib-operator/__pycache__/hc_post.cpython-311.pyc,14340,local/ignored,Python导入生成的字节码缓存。,可清理；后续导入自动重建。
deepseek-v4-csa/pypto-lib-operator/__pycache__/hc_pre.cpython-311.pyc,32863,local/ignored,Python导入生成的字节码缓存。,可清理；后续导入自动重建。
deepseek-v4-csa/pypto-lib-operator/__pycache__/qkv_proj_rope.cpython-311.pyc,83852,local/ignored,Python导入生成的字节码缓存。,可清理；后续导入自动重建。
deepseek-v4-csa/pypto-lib-operator/__pycache__/rmsnorm.cpython-311.pyc,9357,local/ignored,Python导入生成的字节码缓存。,可清理；后续导入自动重建。
deepseek-v4-csa/pypto-lib-operator/__pycache__/rope_interleave.cpython-311.pyc,4065,local/ignored,Python导入生成的字节码缓存。,可清理；后续导入自动重建。
deepseek-v4-csa/pypto-lib-operator/__pycache__/run_benchmark.cpython-311.pyc,3271,local/ignored,Python导入生成的字节码缓存。,可清理；后续导入自动重建。
deepseek-v4-csa/pypto-lib-operator/__pycache__/utils.cpython-311.pyc,24541,local/ignored,Python导入生成的字节码缓存。,可清理；后续导入自动重建。
deepseek-v4-csa/pypto-lib-operator/config.py,10057,tracked,模型维度、batch及tiling常量；A/B配置不同，不可跨方案随意替换。,保留；当前Python导入/运行闭包组成部分，不能按默认图未执行直接删。
deepseek-v4-csa/pypto-lib-operator/decode_compressor_ratio4.py,28951,tracked,主ratio-4压缩器：投影、状态池化、归一化/RoPE及压缩cache更新。,保留；当前Python导入/运行闭包组成部分，不能按默认图未执行直接删。
deepseek-v4-csa/pypto-lib-operator/decode_csa.py,44004,tracked,CSA顶层计算图、输入/缓存测试数据构造与Golden参考；A/B均由此组装执行。,保留；当前Python导入/运行闭包组成部分，不能按默认图未执行直接删。
deepseek-v4-csa/pypto-lib-operator/decode_indexer.py,40133,tracked,Indexer的查询投影、Hadamard/量化、score归约与Top-K选取。,保留；当前Python导入/运行闭包组成部分，不能按默认图未执行直接删。
deepseek-v4-csa/pypto-lib-operator/decode_indexer_compressor.py,33184,tracked,Indexer内部压缩器及其状态/cache处理，区别于主attention压缩器。,保留；当前Python导入/运行闭包组成部分，不能按默认图未执行直接删。
deepseek-v4-csa/pypto-lib-operator/decode_sparse_attn_csa.py,44872,tracked,根据Top-K和滑窗构造稀疏访问计划，执行QK/PV、merge及输出投影。,保留；当前Python导入/运行闭包组成部分，不能按默认图未执行直接删。
deepseek-v4-csa/pypto-lib-operator/golden/__init__.py,2161,tracked,导出run、规格和比较器等Golden接口。,保留；两个运行入口共同依赖。
deepseek-v4-csa/pypto-lib-operator/golden/__pycache__/__init__.cpython-311.pyc,2008,local/ignored,Python导入生成的字节码缓存。,可清理；后续导入自动重建。
deepseek-v4-csa/pypto-lib-operator/golden/__pycache__/runner.cpython-311.pyc,97395,local/ignored,Python导入生成的字节码缓存。,可清理；后续导入自动重建。
deepseek-v4-csa/pypto-lib-operator/golden/__pycache__/spec.cpython-311.pyc,20388,local/ignored,Python导入生成的字节码缓存。,可清理；后续导入自动重建。
deepseek-v4-csa/pypto-lib-operator/golden/__pycache__/validation.cpython-311.pyc,54566,local/ignored,Python导入生成的字节码缓存。,可清理；后续导入自动重建。
deepseek-v4-csa/pypto-lib-operator/golden/runner.py,73599,tracked,编译/replay、设备执行、输入保存/读取及Golden比较流程。,保留；两个运行入口共同依赖。
deepseek-v4-csa/pypto-lib-operator/golden/spec.py,17247,tracked,TensorSpec、输入初始化和测试数据描述。,保留；两个运行入口共同依赖。
deepseek-v4-csa/pypto-lib-operator/golden/validation.py,39091,tracked,数值误差比较器和校验结果定义。,保留；两个运行入口共同依赖。
deepseek-v4-csa/pypto-lib-operator/hc_post.py,9705,tracked,Hyper-connection后处理，结合残差流与输出混合系数形成层输出。,保留；当前Python导入/运行闭包组成部分，不能按默认图未执行直接删。
deepseek-v4-csa/pypto-lib-operator/hc_pre.py,21827,tracked,Hyper-connection前处理：RMS/线性、系数拆分、Sinkhorn和输入混合。,保留；当前Python导入/运行闭包组成部分，不能按默认图未执行直接删。
deepseek-v4-csa/pypto-lib-operator/qkv_proj_rope.py,70715,tracked,Q/QR/KV投影、Split-K累加、量化/归一化与RoPE辅助算子。,保留；当前Python导入/运行闭包组成部分，不能按默认图未执行直接删。
deepseek-v4-csa/pypto-lib-operator/rmsnorm.py,6061,tracked,CSA使用的RMS归一化及相关辅助实现。,保留；当前Python导入/运行闭包组成部分，不能按默认图未执行直接删。
deepseek-v4-csa/pypto-lib-operator/rope_interleave.py,3193,tracked,RoPE交错排布的辅助算子。,保留；当前Python导入/运行闭包组成部分，不能按默认图未执行直接删。
deepseek-v4-csa/pypto-lib-operator/run_benchmark.py,2055,tracked,命令行入口，构建输入、选择PyPTO编译或runtime_dir replay并执行Golden校验。,保留；当前Python导入/运行闭包组成部分，不能按默认图未执行直接删。
deepseek-v4-csa/pypto-lib-operator/utils.py,19123,tracked,位置、seq_len、slot/page映射、缓存fixture及参考运算等共享辅助。,保留；当前Python导入/运行闭包组成部分，不能按默认图未执行直接删。
deepseek-v4-csa/simpler-operator/LICENSE,5262,tracked,该份源码/生成代码的上游许可证文本。,保留；随代码分发，不作为冗余文件清理。
deepseek-v4-csa/simpler-operator/__pycache__/kernel_config.cpython-311.pyc,16665,local/ignored,Python导入生成的字节码缓存。,可清理；后续导入自动重建。
deepseek-v4-csa/simpler-operator/cache/.binary_context.lock,0,local/ignored,Simpler本地编译二进制缓存/缓存上下文/锁文件。,停跑后可清理；会触发重新编译；运行中不删除锁。
deepseek-v4-csa/simpler-operator/cache/binary_context.json,218,local/ignored,Simpler本地编译二进制缓存/缓存上下文/锁文件。,停跑后可清理；会触发重新编译；运行中不删除锁。
deepseek-v4-csa/simpler-operator/cache/incore_0_aiv_hc_pre_rms_a2a3.bin,1480,local/ignored,Simpler本地编译二进制缓存/缓存上下文/锁文件。,停跑后可清理；会触发重新编译；运行中不删除锁。
deepseek-v4-csa/simpler-operator/cache/incore_10_aiv_rms_norm_a2a3.bin,2532,local/ignored,Simpler本地编译二进制缓存/缓存上下文/锁文件。,停跑后可清理；会触发重新编译；运行中不删除锁。
deepseek-v4-csa/simpler-operator/cache/incore_11_aiv_q_rope_prepare_a2a3.bin,7436,local/ignored,Simpler本地编译二进制缓存/缓存上下文/锁文件。,停跑后可清理；会触发重新编译；运行中不删除锁。
deepseek-v4-csa/simpler-operator/cache/incore_12_aiv_qr_proj_seed_a2a3.bin,1064,local/ignored,Simpler本地编译二进制缓存/缓存上下文/锁文件。,停跑后可清理；会触发重新编译；运行中不删除锁。
deepseek-v4-csa/simpler-operator/cache/incore_13_aic_qr_proj_matmul_a2a3.bin,1064,local/ignored,Simpler本地编译二进制缓存/缓存上下文/锁文件。,停跑后可清理；会触发重新编译；运行中不删除锁。
deepseek-v4-csa/simpler-operator/cache/incore_14_aiv_qr_rms_norm_quant_a2a3.bin,3624,local/ignored,Simpler本地编译二进制缓存/缓存上下文/锁文件。,停跑后可清理；会触发重新编译；运行中不删除锁。
deepseek-v4-csa/simpler-operator/cache/incore_15_aic_qproj_matmul_a2a3.bin,1456,local/ignored,Simpler本地编译二进制缓存/缓存上下文/锁文件。,停跑后可清理；会触发重新编译；运行中不删除锁。
deepseek-v4-csa/simpler-operator/cache/incore_16_aiv_qproj_dequant_rms_nope_rope_a2a3.bin,4660,local/ignored,Simpler本地编译二进制缓存/缓存上下文/锁文件。,停跑后可清理；会触发重新编译；运行中不删除锁。
deepseek-v4-csa/simpler-operator/cache/incore_17_aiv_kv_proj_seed_a2a3.bin,688,local/ignored,Simpler本地编译二进制缓存/缓存上下文/锁文件。,停跑后可清理；会触发重新编译；运行中不删除锁。
deepseek-v4-csa/simpler-operator/cache/incore_18_aic_kv_proj_matmul_a2a3.bin,1060,local/ignored,Simpler本地编译二进制缓存/缓存上下文/锁文件。,停跑后可清理；会触发重新编译；运行中不删除锁。
deepseek-v4-csa/simpler-operator/cache/incore_19_aiv_kv_rms_norm_rope_a2a3.bin,3928,local/ignored,Simpler本地编译二进制缓存/缓存上下文/锁文件。,停跑后可清理；会触发重新编译；运行中不删除锁。
deepseek-v4-csa/simpler-operator/cache/incore_1_aic_hc_pre_linear_a2a3.bin,1096,local/ignored,Simpler本地编译二进制缓存/缓存上下文/锁文件。,停跑后可清理；会触发重新编译；运行中不删除锁。
deepseek-v4-csa/simpler-operator/cache/incore_20_aiv_csa_cache_writeback_a2a3.bin,716,local/ignored,Simpler本地编译二进制缓存/缓存上下文/锁文件。,停跑后可清理；会触发重新编译；运行中不删除锁。
deepseek-v4-csa/simpler-operator/cache/incore_21_aic_kv_score_proj_a2a3.bin,1560,local/ignored,Simpler本地编译二进制缓存/缓存上下文/锁文件。,停跑后可清理；会触发重新编译；运行中不删除锁。
deepseek-v4-csa/simpler-operator/cache/incore_22_aiv_scatter_softmax_pool_a2a3.bin,2636,local/ignored,Simpler本地编译二进制缓存/缓存上下文/锁文件。,停跑后可清理；会触发重新编译；运行中不删除锁。
deepseek-v4-csa/simpler-operator/cache/incore_23_aiv_rmsnorm_rope_cache_write_a2a3.bin,5368,local/ignored,Simpler本地编译二进制缓存/缓存上下文/锁文件。,停跑后可清理；会触发重新编译；运行中不删除锁。
deepseek-v4-csa/simpler-operator/cache/incore_24_aic_idx_qr_proj_matmul_a2a3.bin,1304,local/ignored,Simpler本地编译二进制缓存/缓存上下文/锁文件。,停跑后可清理；会触发重新编译；运行中不删除锁。
deepseek-v4-csa/simpler-operator/cache/incore_25_aiv_idx_qr_proj_dequant_a2a3.bin,596,local/ignored,Simpler本地编译二进制缓存/缓存上下文/锁文件。,停跑后可清理；会触发重新编译；运行中不删除锁。
deepseek-v4-csa/simpler-operator/cache/incore_26_aiv_qr_rope_swap_idx_a2a3.bin,2200,local/ignored,Simpler本地编译二进制缓存/缓存上下文/锁文件。,停跑后可清理；会触发重新编译；运行中不删除锁。
deepseek-v4-csa/simpler-operator/cache/incore_27_aiv_qr_rope_a2a3.bin,3032,local/ignored,Simpler本地编译二进制缓存/缓存上下文/锁文件。,停跑后可清理；会触发重新编译；运行中不删除锁。
deepseek-v4-csa/simpler-operator/cache/incore_28_aic_qr_hadamard_matmul_a2a3.bin,352,local/ignored,Simpler本地编译二进制缓存/缓存上下文/锁文件。,停跑后可清理；会触发重新编译；运行中不删除锁。
deepseek-v4-csa/simpler-operator/cache/incore_29_aiv_qr_hadamard_quant_a2a3.bin,2532,local/ignored,Simpler本地编译二进制缓存/缓存上下文/锁文件。,停跑后可清理；会触发重新编译；运行中不删除锁。
deepseek-v4-csa/simpler-operator/cache/incore_2_aiv_hc_pre_linear_reduce_a2a3.bin,328,local/ignored,Simpler本地编译二进制缓存/缓存上下文/锁文件。,停跑后可清理；会触发重新编译；运行中不删除锁。
deepseek-v4-csa/simpler-operator/cache/incore_30_aic_weights_proj_a2a3.bin,716,local/ignored,Simpler本地编译二进制缓存/缓存上下文/锁文件。,停跑后可清理；会触发重新编译；运行中不删除锁。
deepseek-v4-csa/simpler-operator/cache/incore_31_aiv_weights_proj_reduce_a2a3.bin,252,local/ignored,Simpler本地编译二进制缓存/缓存上下文/锁文件。,停跑后可清理；会触发重新编译；运行中不删除锁。
deepseek-v4-csa/simpler-operator/cache/incore_32_aic_kv_score_proj_0_a2a3.bin,1716,local/ignored,Simpler本地编译二进制缓存/缓存上下文/锁文件。,停跑后可清理；会触发重新编译；运行中不删除锁。
deepseek-v4-csa/simpler-operator/cache/incore_33_aiv_scatter_softmax_pool_0_a2a3.bin,2976,local/ignored,Simpler本地编译二进制缓存/缓存上下文/锁文件。,停跑后可清理；会触发重新编译；运行中不删除锁。
deepseek-v4-csa/simpler-operator/cache/incore_34_aiv_rmsnorm_rope_a2a3.bin,3936,local/ignored,Simpler本地编译二进制缓存/缓存上下文/锁文件。,停跑后可清理；会触发重新编译；运行中不删除锁。
deepseek-v4-csa/simpler-operator/cache/incore_35_aic_kv_hadamard_a2a3.bin,448,local/ignored,Simpler本地编译二进制缓存/缓存上下文/锁文件。,停跑后可清理；会触发重新编译；运行中不删除锁。
deepseek-v4-csa/simpler-operator/cache/incore_36_aiv_kv_and_cache_write_a2a3.bin,2736,local/ignored,Simpler本地编译二进制缓存/缓存上下文/锁文件。,停跑后可清理；会触发重新编译；运行中不删除锁。
deepseek-v4-csa/simpler-operator/cache/incore_37_aic_score_aic_a2a3.bin,1580,local/ignored,Simpler本地编译二进制缓存/缓存上下文/锁文件。,停跑后可清理；会触发重新编译；运行中不删除锁。
deepseek-v4-csa/simpler-operator/cache/incore_38_aiv_score_aiv_a2a3.bin,6820,local/ignored,Simpler本地编译二进制缓存/缓存上下文/锁文件。,停跑后可清理；会触发重新编译；运行中不删除锁。
deepseek-v4-csa/simpler-operator/cache/incore_39_aiv_topk_a2a3.bin,1616,local/ignored,Simpler本地编译二进制缓存/缓存上下文/锁文件。,停跑后可清理；会触发重新编译；运行中不删除锁。
deepseek-v4-csa/simpler-operator/cache/incore_3_aiv_split_pre_post_a2a3.bin,940,local/ignored,Simpler本地编译二进制缓存/缓存上下文/锁文件。,停跑后可清理；会触发重新编译；运行中不删除锁。
deepseek-v4-csa/simpler-operator/cache/incore_40_aiv_kv_touch_a2a3.bin,100,local/ignored,Simpler本地编译二进制缓存/缓存上下文/锁文件。,停跑后可清理；会触发重新编译；运行中不删除锁。
deepseek-v4-csa/simpler-operator/cache/incore_41_aiv_csa_slots_build_valid_qk_plan_a2a3.bin,2916,local/ignored,Simpler本地编译二进制缓存/缓存上下文/锁文件。,停跑后可清理；会触发重新编译；运行中不删除锁。
deepseek-v4-csa/simpler-operator/cache/incore_42_aic_qk_pv_aic_a2a3.bin,4292,local/ignored,Simpler本地编译二进制缓存/缓存上下文/锁文件。,停跑后可清理；会触发重新编译；运行中不删除锁。
deepseek-v4-csa/simpler-operator/cache/incore_43_aiv_qk_pv_aiv_a2a3.bin,3372,local/ignored,Simpler本地编译二进制缓存/缓存上下文/锁文件。,停跑后可清理；会触发重新编译；运行中不删除锁。
deepseek-v4-csa/simpler-operator/cache/incore_44_aiv_rope_cs_a2a3.bin,4088,local/ignored,Simpler本地编译二进制缓存/缓存上下文/锁文件。,停跑后可清理；会触发重新编译；运行中不删除锁。
deepseek-v4-csa/simpler-operator/cache/incore_45_aiv_merge_norm_a2a3.bin,3860,local/ignored,Simpler本地编译二进制缓存/缓存上下文/锁文件。,停跑后可清理；会触发重新编译；运行中不删除锁。
deepseek-v4-csa/simpler-operator/cache/incore_46_aic_proj_a_mm_a2a3.bin,952,local/ignored,Simpler本地编译二进制缓存/缓存上下文/锁文件。,停跑后可清理；会触发重新编译；运行中不删除锁。
deepseek-v4-csa/simpler-operator/cache/incore_47_aiv_quant_a2a3.bin,1692,local/ignored,Simpler本地编译二进制缓存/缓存上下文/锁文件。,停跑后可清理；会触发重新编译；运行中不删除锁。
deepseek-v4-csa/simpler-operator/cache/incore_48_aic_proj_b_mm_a2a3.bin,1324,local/ignored,Simpler本地编译二进制缓存/缓存上下文/锁文件。,停跑后可清理；会触发重新编译；运行中不删除锁。
deepseek-v4-csa/simpler-operator/cache/incore_49_aiv_proj_b_act_a2a3.bin,1364,local/ignored,Simpler本地编译二进制缓存/缓存上下文/锁文件。,停跑后可清理；会触发重新编译；运行中不删除锁。
deepseek-v4-csa/simpler-operator/cache/incore_4_aiv_comb_sinkhorn_a2a3.bin,2952,local/ignored,Simpler本地编译二进制缓存/缓存上下文/锁文件。,停跑后可清理；会触发重新编译；运行中不删除锁。
deepseek-v4-csa/simpler-operator/cache/incore_50_aiv_hc_post_a2a3.bin,1144,local/ignored,Simpler本地编译二进制缓存/缓存上下文/锁文件。,停跑后可清理；会触发重新编译；运行中不删除锁。
deepseek-v4-csa/simpler-operator/cache/incore_5_aiv_mix_x_a2a3.bin,3016,local/ignored,Simpler本地编译二进制缓存/缓存上下文/锁文件。,停跑后可清理；会触发重新编译；运行中不删除锁。
deepseek-v4-csa/simpler-operator/cache/incore_6_aiv_csa_rope_step_a2a3.bin,1372,local/ignored,Simpler本地编译二进制缓存/缓存上下文/锁文件。,停跑后可清理；会触发重新编译；运行中不删除锁。
deepseek-v4-csa/simpler-operator/cache/incore_7_aiv_rope_interleave_a2a3.bin,1840,local/ignored,Simpler本地编译二进制缓存/缓存上下文/锁文件。,停跑后可清理；会触发重新编译；运行中不删除锁。
deepseek-v4-csa/simpler-operator/cache/incore_8_aiv_csa_cmp_rope_a2a3.bin,1964,local/ignored,Simpler本地编译二进制缓存/缓存上下文/锁文件。,停跑后可清理；会触发重新编译；运行中不删除锁。
deepseek-v4-csa/simpler-operator/cache/incore_9_aiv_rope_interleave_0_a2a3.bin,1840,local/ignored,Simpler本地编译二进制缓存/缓存上下文/锁文件。,停跑后可清理；会触发重新编译；运行中不删除锁。
deepseek-v4-csa/simpler-operator/compiled_meta.json,6978,tracked,PyPTO replay所需编译ABI元数据：参数顺序、shape、dtype和方向等。,保留；当前replay loader绑定ABI需要。
deepseek-v4-csa/simpler-operator/kernel_config.py,10169,tracked,运行时kernel ID、源文件、核类型、参数方向和orchestration入口注册表。,保留；所有注册源文件与此表配套。
deepseek-v4-csa/simpler-operator/kernels/aic/hc_pre_linear.cpp,19705,tracked,Hyper-connection系数线性投影。,保留；kernel_config.py引用的生成核，变更分组应重新生成而非手动删文件。
deepseek-v4-csa/simpler-operator/kernels/aic/hc_pre_linear.o,122712,local/ignored,本机编译得到的目标文件、编排动态库或设备二进制。,停跑后可清理；需完整源码和匹配工具链重建。
deepseek-v4-csa/simpler-operator/kernels/aic/idx_qr_proj_matmul.cpp,18699,tracked,Indexer查询投影矩阵乘。,保留；kernel_config.py引用的生成核，变更分组应重新生成而非手动删文件。
deepseek-v4-csa/simpler-operator/kernels/aic/idx_qr_proj_matmul.o,127176,local/ignored,本机编译得到的目标文件、编排动态库或设备二进制。,停跑后可清理；需完整源码和匹配工具链重建。
deepseek-v4-csa/simpler-operator/kernels/aic/kv_hadamard.cpp,11621,tracked,Indexer KV Hadamard变换。,保留；kernel_config.py引用的生成核，变更分组应重新生成而非手动删文件。
deepseek-v4-csa/simpler-operator/kernels/aic/kv_hadamard.o,103224,local/ignored,本机编译得到的目标文件、编排动态库或设备二进制。,停跑后可清理；需完整源码和匹配工具链重建。
deepseek-v4-csa/simpler-operator/kernels/aic/kv_proj_matmul.cpp,21148,tracked,KV投影矩阵乘。,保留；kernel_config.py引用的生成核，变更分组应重新生成而非手动删文件。
deepseek-v4-csa/simpler-operator/kernels/aic/kv_proj_matmul.o,126600,local/ignored,本机编译得到的目标文件、编排动态库或设备二进制。,停跑后可清理；需完整源码和匹配工具链重建。
deepseek-v4-csa/simpler-operator/kernels/aic/kv_score_proj.cpp,27469,tracked,压缩器KV/score联合投影；_0为Indexer内压缩分支，无后缀为主压缩分支。,保留；kernel_config.py引用的生成核，变更分组应重新生成而非手动删文件。
deepseek-v4-csa/simpler-operator/kernels/aic/kv_score_proj.o,136808,local/ignored,本机编译得到的目标文件、编排动态库或设备二进制。,停跑后可清理；需完整源码和匹配工具链重建。
deepseek-v4-csa/simpler-operator/kernels/aic/kv_score_proj_0.cpp,28272,tracked,压缩器KV/score联合投影；独立注册的专用分组/调用版本，后缀不代表可删除副本；_0为Indexer内压缩分支，无后缀为主压缩分支。,保留；kernel_config.py引用的生成核，变更分组应重新生成而非手动删文件。
deepseek-v4-csa/simpler-operator/kernels/aic/kv_score_proj_0.o,140728,local/ignored,本机编译得到的目标文件、编排动态库或设备二进制。,停跑后可清理；需完整源码和匹配工具链重建。
deepseek-v4-csa/simpler-operator/kernels/aic/proj_a_mm.cpp,18677,tracked,低秩输出投影第一段矩阵乘。,保留；kernel_config.py引用的生成核，变更分组应重新生成而非手动删文件。
deepseek-v4-csa/simpler-operator/kernels/aic/proj_a_mm.o,125800,local/ignored,本机编译得到的目标文件、编排动态库或设备二进制。,停跑后可清理；需完整源码和匹配工具链重建。
deepseek-v4-csa/simpler-operator/kernels/aic/proj_b_mm.cpp,20423,tracked,低秩输出投影第二段矩阵乘。,保留；kernel_config.py引用的生成核，变更分组应重新生成而非手动删文件。
deepseek-v4-csa/simpler-operator/kernels/aic/proj_b_mm.o,130952,local/ignored,本机编译得到的目标文件、编排动态库或设备二进制。,停跑后可清理；需完整源码和匹配工具链重建。
deepseek-v4-csa/simpler-operator/kernels/aic/qk_pv_aic.cpp,97023,tracked,mixed稀疏attention的QK/PV矩阵计算。,保留；kernel_config.py引用的生成核，变更分组应重新生成而非手动删文件。
deepseek-v4-csa/simpler-operator/kernels/aic/qk_pv_aic.o,258664,local/ignored,本机编译得到的目标文件、编排动态库或设备二进制。,停跑后可清理；需完整源码和匹配工具链重建。
deepseek-v4-csa/simpler-operator/kernels/aic/qproj_matmul.cpp,18405,tracked,Q展开投影矩阵乘。,保留；kernel_config.py引用的生成核，变更分组应重新生成而非手动删文件。
deepseek-v4-csa/simpler-operator/kernels/aic/qproj_matmul.o,125392,local/ignored,本机编译得到的目标文件、编排动态库或设备二进制。,停跑后可清理；需完整源码和匹配工具链重建。
deepseek-v4-csa/simpler-operator/kernels/aic/qr_hadamard_matmul.cpp,10837,tracked,查询Hadamard矩阵乘。,保留；kernel_config.py引用的生成核，变更分组应重新生成而非手动删文件。
deepseek-v4-csa/simpler-operator/kernels/aic/qr_hadamard_matmul.o,103888,local/ignored,本机编译得到的目标文件、编排动态库或设备二进制。,停跑后可清理；需完整源码和匹配工具链重建。
deepseek-v4-csa/simpler-operator/kernels/aic/qr_proj_matmul.cpp,21244,tracked,QR低秩投影矩阵乘。,保留；kernel_config.py引用的生成核，变更分组应重新生成而非手动删文件。
deepseek-v4-csa/simpler-operator/kernels/aic/qr_proj_matmul.o,126808,local/ignored,本机编译得到的目标文件、编排动态库或设备二进制。,停跑后可清理；需完整源码和匹配工具链重建。
deepseek-v4-csa/simpler-operator/kernels/aic/score_aic.cpp,89406,tracked,mixed score的AIC矩阵计算部分。,保留；kernel_config.py引用的生成核，变更分组应重新生成而非手动删文件。
deepseek-v4-csa/simpler-operator/kernels/aic/score_aic.o,138376,local/ignored,本机编译得到的目标文件、编排动态库或设备二进制。,停跑后可清理；需完整源码和匹配工具链重建。
deepseek-v4-csa/simpler-operator/kernels/aic/weights_proj.cpp,13879,tracked,Indexer头权重投影。,保留；kernel_config.py引用的生成核，变更分组应重新生成而非手动删文件。
deepseek-v4-csa/simpler-operator/kernels/aic/weights_proj.o,114832,local/ignored,本机编译得到的目标文件、编排动态库或设备二进制。,停跑后可清理；需完整源码和匹配工具链重建。
deepseek-v4-csa/simpler-operator/kernels/aiv/comb_sinkhorn.cpp,82827,tracked,组合系数的Sinkhorn归一化。,保留；kernel_config.py引用的生成核，变更分组应重新生成而非手动删文件。
deepseek-v4-csa/simpler-operator/kernels/aiv/comb_sinkhorn.o,309976,local/ignored,本机编译得到的目标文件、编排动态库或设备二进制。,停跑后可清理；需完整源码和匹配工具链重建。
deepseek-v4-csa/simpler-operator/kernels/aiv/csa_cache_writeback.cpp,8474,tracked,KV缓存写回。,保留；kernel_config.py引用的生成核，变更分组应重新生成而非手动删文件。
deepseek-v4-csa/simpler-operator/kernels/aiv/csa_cache_writeback.o,85552,local/ignored,本机编译得到的目标文件、编排动态库或设备二进制。,停跑后可清理；需完整源码和匹配工具链重建。
deepseek-v4-csa/simpler-operator/kernels/aiv/csa_cmp_rope.cpp,13606,tracked,准备压缩位置RoPE数据。,保留；kernel_config.py引用的生成核，变更分组应重新生成而非手动删文件。
deepseek-v4-csa/simpler-operator/kernels/aiv/csa_cmp_rope.o,114608,local/ignored,本机编译得到的目标文件、编排动态库或设备二进制。,停跑后可清理；需完整源码和匹配工具链重建。
deepseek-v4-csa/simpler-operator/kernels/aiv/csa_rope_step.cpp,23867,tracked,准备当前decode步的RoPE数据。,保留；kernel_config.py引用的生成核，变更分组应重新生成而非手动删文件。
deepseek-v4-csa/simpler-operator/kernels/aiv/csa_rope_step.o,140224,local/ignored,本机编译得到的目标文件、编排动态库或设备二进制。,停跑后可清理；需完整源码和匹配工具链重建。
deepseek-v4-csa/simpler-operator/kernels/aiv/csa_slots_build_valid_qk_plan.cpp,33689,tracked,构造滑窗/压缩稀疏slot及有效QK计划。,保留；kernel_config.py引用的生成核，变更分组应重新生成而非手动删文件。
deepseek-v4-csa/simpler-operator/kernels/aiv/csa_slots_build_valid_qk_plan.o,259400,local/ignored,本机编译得到的目标文件、编排动态库或设备二进制。,停跑后可清理；需完整源码和匹配工具链重建。
deepseek-v4-csa/simpler-operator/kernels/aiv/hc_post.cpp,45998,tracked,Hyper-connection输出与残差流组合。,保留；kernel_config.py引用的生成核，变更分组应重新生成而非手动删文件。
deepseek-v4-csa/simpler-operator/kernels/aiv/hc_post.o,140712,local/ignored,本机编译得到的目标文件、编排动态库或设备二进制。,停跑后可清理；需完整源码和匹配工具链重建。
deepseek-v4-csa/simpler-operator/kernels/aiv/hc_pre_linear_reduce.cpp,9961,tracked,线性投影分片结果归约。,保留；kernel_config.py引用的生成核，变更分组应重新生成而非手动删文件。
deepseek-v4-csa/simpler-operator/kernels/aiv/hc_pre_linear_reduce.o,74480,local/ignored,本机编译得到的目标文件、编排动态库或设备二进制。,停跑后可清理；需完整源码和匹配工具链重建。
deepseek-v4-csa/simpler-operator/kernels/aiv/hc_pre_rms.cpp,24105,tracked,输入RMS统计。,保留；kernel_config.py引用的生成核，变更分组应重新生成而非手动删文件。
deepseek-v4-csa/simpler-operator/kernels/aiv/hc_pre_rms.o,144144,local/ignored,本机编译得到的目标文件、编排动态库或设备二进制。,停跑后可清理；需完整源码和匹配工具链重建。
deepseek-v4-csa/simpler-operator/kernels/aiv/idx_qr_proj_dequant.cpp,13528,tracked,Indexer投影反量化。,保留；kernel_config.py引用的生成核，变更分组应重新生成而非手动删文件。
deepseek-v4-csa/simpler-operator/kernels/aiv/idx_qr_proj_dequant.o,119040,local/ignored,本机编译得到的目标文件、编排动态库或设备二进制。,停跑后可清理；需完整源码和匹配工具链重建。
deepseek-v4-csa/simpler-operator/kernels/aiv/kv_and_cache_write.cpp,22790,tracked,Indexer KV数据处理与cache写入。,保留；kernel_config.py引用的生成核，变更分组应重新生成而非手动删文件。
deepseek-v4-csa/simpler-operator/kernels/aiv/kv_and_cache_write.o,207176,local/ignored,本机编译得到的目标文件、编排动态库或设备二进制。,停跑后可清理；需完整源码和匹配工具链重建。
deepseek-v4-csa/simpler-operator/kernels/aiv/kv_proj_seed.cpp,5944,tracked,初始化KV投影累加缓冲。,保留；kernel_config.py引用的生成核，变更分组应重新生成而非手动删文件。
deepseek-v4-csa/simpler-operator/kernels/aiv/kv_proj_seed.o,62864,local/ignored,本机编译得到的目标文件、编排动态库或设备二进制。,停跑后可清理；需完整源码和匹配工具链重建。
deepseek-v4-csa/simpler-operator/kernels/aiv/kv_rms_norm_rope.cpp,52135,tracked,KV归一化和RoPE。,保留；kernel_config.py引用的生成核，变更分组应重新生成而非手动删文件。
deepseek-v4-csa/simpler-operator/kernels/aiv/kv_rms_norm_rope.o,272920,local/ignored,本机编译得到的目标文件、编排动态库或设备二进制。,停跑后可清理；需完整源码和匹配工具链重建。
deepseek-v4-csa/simpler-operator/kernels/aiv/kv_touch.cpp,4700,tracked,通过cache自拷贝表达真实缓存依赖；不是可删除dummy。,保留；kernel_config.py引用的生成核，变更分组应重新生成而非手动删文件。
deepseek-v4-csa/simpler-operator/kernels/aiv/kv_touch.o,60624,local/ignored,本机编译得到的目标文件、编排动态库或设备二进制。,停跑后可清理；需完整源码和匹配工具链重建。
deepseek-v4-csa/simpler-operator/kernels/aiv/merge_norm.cpp,89652,tracked,合并稀疏块的attention输出和归一化统计。,保留；kernel_config.py引用的生成核，变更分组应重新生成而非手动删文件。
deepseek-v4-csa/simpler-operator/kernels/aiv/merge_norm.o,333376,local/ignored,本机编译得到的目标文件、编排动态库或设备二进制。,停跑后可清理；需完整源码和匹配工具链重建。
deepseek-v4-csa/simpler-operator/kernels/aiv/mix_x.cpp,33338,tracked,按系数混合残差流作为attention输入。,保留；kernel_config.py引用的生成核，变更分组应重新生成而非手动删文件。
deepseek-v4-csa/simpler-operator/kernels/aiv/mix_x.o,171184,local/ignored,本机编译得到的目标文件、编排动态库或设备二进制。,停跑后可清理；需完整源码和匹配工具链重建。
deepseek-v4-csa/simpler-operator/kernels/aiv/proj_b_act.cpp,20894,tracked,第二段输出投影结果处理。,保留；kernel_config.py引用的生成核，变更分组应重新生成而非手动删文件。
deepseek-v4-csa/simpler-operator/kernels/aiv/proj_b_act.o,158104,local/ignored,本机编译得到的目标文件、编排动态库或设备二进制。,停跑后可清理；需完整源码和匹配工具链重建。
deepseek-v4-csa/simpler-operator/kernels/aiv/q_rope_prepare.cpp,58507,tracked,准备Q侧RoPE数据。,保留；kernel_config.py引用的生成核，变更分组应重新生成而非手动删文件。
deepseek-v4-csa/simpler-operator/kernels/aiv/q_rope_prepare.o,329416,local/ignored,本机编译得到的目标文件、编排动态库或设备二进制。,停跑后可清理；需完整源码和匹配工具链重建。
deepseek-v4-csa/simpler-operator/kernels/aiv/qk_pv_aiv.cpp,97185,tracked,mixed稀疏attention的数据准备、softmax及向量协作。,保留；kernel_config.py引用的生成核，变更分组应重新生成而非手动删文件。
deepseek-v4-csa/simpler-operator/kernels/aiv/qk_pv_aiv.o,247240,local/ignored,本机编译得到的目标文件、编排动态库或设备二进制。,停跑后可清理；需完整源码和匹配工具链重建。
deepseek-v4-csa/simpler-operator/kernels/aiv/qproj_dequant_rms_nope_rope.cpp,59075,tracked,Q反量化、归一化及NoPE/RoPE处理。,保留；kernel_config.py引用的生成核，变更分组应重新生成而非手动删文件。
deepseek-v4-csa/simpler-operator/kernels/aiv/qproj_dequant_rms_nope_rope.o,334968,local/ignored,本机编译得到的目标文件、编排动态库或设备二进制。,停跑后可清理；需完整源码和匹配工具链重建。
deepseek-v4-csa/simpler-operator/kernels/aiv/qr_hadamard_quant.cpp,18901,tracked,Hadamard结果量化。,保留；kernel_config.py引用的生成核，变更分组应重新生成而非手动删文件。
deepseek-v4-csa/simpler-operator/kernels/aiv/qr_hadamard_quant.o,178016,local/ignored,本机编译得到的目标文件、编排动态库或设备二进制。,停跑后可清理；需完整源码和匹配工具链重建。
deepseek-v4-csa/simpler-operator/kernels/aiv/qr_proj_seed.cpp,5963,tracked,初始化QR投影累加缓冲。,保留；kernel_config.py引用的生成核，变更分组应重新生成而非手动删文件。
deepseek-v4-csa/simpler-operator/kernels/aiv/qr_proj_seed.o,66072,local/ignored,本机编译得到的目标文件、编排动态库或设备二进制。,停跑后可清理；需完整源码和匹配工具链重建。
deepseek-v4-csa/simpler-operator/kernels/aiv/qr_rms_norm_quant.cpp,50839,tracked,QR结果RMS归一化及量化。,保留；kernel_config.py引用的生成核，变更分组应重新生成而非手动删文件。
deepseek-v4-csa/simpler-operator/kernels/aiv/qr_rms_norm_quant.o,286432,local/ignored,本机编译得到的目标文件、编排动态库或设备二进制。,停跑后可清理；需完整源码和匹配工具链重建。
deepseek-v4-csa/simpler-operator/kernels/aiv/qr_rope.cpp,22353,tracked,Indexer查询RoPE。,保留；kernel_config.py引用的生成核，变更分组应重新生成而非手动删文件。
deepseek-v4-csa/simpler-operator/kernels/aiv/qr_rope.o,168800,local/ignored,本机编译得到的目标文件、编排动态库或设备二进制。,停跑后可清理；需完整源码和匹配工具链重建。
deepseek-v4-csa/simpler-operator/kernels/aiv/qr_rope_swap_idx.cpp,10792,tracked,构造RoPE交换索引。,保留；kernel_config.py引用的生成核，变更分组应重新生成而非手动删文件。
deepseek-v4-csa/simpler-operator/kernels/aiv/qr_rope_swap_idx.o,129144,local/ignored,本机编译得到的目标文件、编排动态库或设备二进制。,停跑后可清理；需完整源码和匹配工具链重建。
deepseek-v4-csa/simpler-operator/kernels/aiv/quant.cpp,18209,tracked,输出投影中间结果量化。,保留；kernel_config.py引用的生成核，变更分组应重新生成而非手动删文件。
deepseek-v4-csa/simpler-operator/kernels/aiv/quant.o,163312,local/ignored,本机编译得到的目标文件、编排动态库或设备二进制。,停跑后可清理；需完整源码和匹配工具链重建。
deepseek-v4-csa/simpler-operator/kernels/aiv/rms_norm.cpp,31087,tracked,RMS归一化。,保留；kernel_config.py引用的生成核，变更分组应重新生成而非手动删文件。
deepseek-v4-csa/simpler-operator/kernels/aiv/rms_norm.o,201240,local/ignored,本机编译得到的目标文件、编排动态库或设备二进制。,停跑后可清理；需完整源码和匹配工具链重建。
deepseek-v4-csa/simpler-operator/kernels/aiv/rmsnorm_rope.cpp,43614,tracked,Indexer压缩结果归一化及RoPE。,保留；kernel_config.py引用的生成核，变更分组应重新生成而非手动删文件。
deepseek-v4-csa/simpler-operator/kernels/aiv/rmsnorm_rope.o,291752,local/ignored,本机编译得到的目标文件、编排动态库或设备二进制。,停跑后可清理；需完整源码和匹配工具链重建。
deepseek-v4-csa/simpler-operator/kernels/aiv/rmsnorm_rope_cache_write.cpp,50627,tracked,主压缩结果归一化、RoPE与cache写入。,保留；kernel_config.py引用的生成核，变更分组应重新生成而非手动删文件。
deepseek-v4-csa/simpler-operator/kernels/aiv/rmsnorm_rope_cache_write.o,341248,local/ignored,本机编译得到的目标文件、编排动态库或设备二进制。,停跑后可清理；需完整源码和匹配工具链重建。
deepseek-v4-csa/simpler-operator/kernels/aiv/rope_cs.cpp,35567,tracked,输出阶段使用的RoPE cos/sin数据准备。,保留；kernel_config.py引用的生成核，变更分组应重新生成而非手动删文件。
deepseek-v4-csa/simpler-operator/kernels/aiv/rope_cs.o,227792,local/ignored,本机编译得到的目标文件、编排动态库或设备二进制。,停跑后可清理；需完整源码和匹配工具链重建。
deepseek-v4-csa/simpler-operator/kernels/aiv/rope_interleave.cpp,24683,tracked,RoPE数据交错排布。,保留；kernel_config.py引用的生成核，变更分组应重新生成而非手动删文件。
deepseek-v4-csa/simpler-operator/kernels/aiv/rope_interleave.o,175144,local/ignored,本机编译得到的目标文件、编排动态库或设备二进制。,停跑后可清理；需完整源码和匹配工具链重建。
deepseek-v4-csa/simpler-operator/kernels/aiv/rope_interleave_0.cpp,24617,tracked,RoPE数据交错排布；独立注册的专用分组/调用版本，后缀不代表可删除副本。,保留；kernel_config.py引用的生成核，变更分组应重新生成而非手动删文件。
deepseek-v4-csa/simpler-operator/kernels/aiv/rope_interleave_0.o,175144,local/ignored,本机编译得到的目标文件、编排动态库或设备二进制。,停跑后可清理；需完整源码和匹配工具链重建。
deepseek-v4-csa/simpler-operator/kernels/aiv/scatter_softmax_pool.cpp,51995,tracked,压缩状态scatter、softmax池化；_0为Indexer内压缩分支，无后缀为主压缩分支。,保留；kernel_config.py引用的生成核，变更分组应重新生成而非手动删文件。
deepseek-v4-csa/simpler-operator/kernels/aiv/scatter_softmax_pool.o,224936,local/ignored,本机编译得到的目标文件、编排动态库或设备二进制。,停跑后可清理；需完整源码和匹配工具链重建。
deepseek-v4-csa/simpler-operator/kernels/aiv/scatter_softmax_pool_0.cpp,55208,tracked,压缩状态scatter、softmax池化；独立注册的专用分组/调用版本，后缀不代表可删除副本；_0为Indexer内压缩分支，无后缀为主压缩分支。,保留；kernel_config.py引用的生成核，变更分组应重新生成而非手动删文件。
deepseek-v4-csa/simpler-operator/kernels/aiv/scatter_softmax_pool_0.o,224280,local/ignored,本机编译得到的目标文件、编排动态库或设备二进制。,停跑后可清理；需完整源码和匹配工具链重建。
deepseek-v4-csa/simpler-operator/kernels/aiv/score_aiv.cpp,89568,tracked,mixed score的AIV搬运、反量化及归约部分。,保留；kernel_config.py引用的生成核，变更分组应重新生成而非手动删文件。
deepseek-v4-csa/simpler-operator/kernels/aiv/score_aiv.o,290288,local/ignored,本机编译得到的目标文件、编排动态库或设备二进制。,停跑后可清理；需完整源码和匹配工具链重建。
deepseek-v4-csa/simpler-operator/kernels/aiv/split_pre_post.cpp,26342,tracked,拆分pre/post混合系数。,保留；kernel_config.py引用的生成核，变更分组应重新生成而非手动删文件。
deepseek-v4-csa/simpler-operator/kernels/aiv/split_pre_post.o,156824,local/ignored,本机编译得到的目标文件、编排动态库或设备二进制。,停跑后可清理；需完整源码和匹配工具链重建。
deepseek-v4-csa/simpler-operator/kernels/aiv/topk.cpp,20981,tracked,从score选择Top-K位置。,保留；kernel_config.py引用的生成核，变更分组应重新生成而非手动删文件。
deepseek-v4-csa/simpler-operator/kernels/aiv/topk.o,176256,local/ignored,本机编译得到的目标文件、编排动态库或设备二进制。,停跑后可清理；需完整源码和匹配工具链重建。
deepseek-v4-csa/simpler-operator/kernels/aiv/weights_proj_reduce.cpp,10946,tracked,头权重分片归约。,保留；kernel_config.py引用的生成核，变更分组应重新生成而非手动删文件。
deepseek-v4-csa/simpler-operator/kernels/aiv/weights_proj_reduce.o,80120,local/ignored,本机编译得到的目标文件、编排动态库或设备二进制。,停跑后可清理；需完整源码和匹配工具链重建。
deepseek-v4-csa/simpler-operator/orchestration/attention_csa_test.cpp,60339,tracked,生成的AICPU编排：创建/提交任务、传递参数、连接依赖和中间张量。,保留；删除会使随包Simpler无法重建运行。
deepseek-v4-csa/simpler-operator/orchestration/attention_csa_test.so,1122232,local/ignored,本机编译得到的目标文件、编排动态库或设备二进制。,停跑后可清理；需完整源码和匹配工具链重建。
deepseek-v4-csa/simpler-operator/test_decode_csa.py,480,tracked,Simpler replay薄入口，导入兄弟Python目录并传入runtime_dir执行生成C++。,保留；当前Simpler命令入口。
deepseek-v4-csa-b/PROVENANCE.json,11104,tracked,源版本、采集身份、工具/验证信息及随包文件SHA-256清单。,保留；不是运行必需，但用于确认代码与采集配套。文件删改后必须同步清单。
deepseek-v4-csa-b/README.md,12458,tracked,方案B的参数、任务划分、长度敏感性、统计、验证和复现说明。,可合并到根README后删除；目前有链接，建议保留独立入口。
deepseek-v4-csa-b/analyze_capture.py,7416,tracked,读取配套deps、泳道、名称映射，输出资源占用、逻辑包络、DAG并发及时间分布。,仅运行模型时可删；保留可复现分析能力时应保留。
deepseek-v4-csa-b/chip_swimlane_records.json,309188,tracked,原始芯片采集：核类型、任务ID、开始/结束时间及调度记录；物理记录统计的依据。,保留；删除将失去该次实测证据，重新运行不保证相同耗时。
deepseek-v4-csa-b/concurrency_analysis.json,25175,tracked,该次采集的静态/实测并发分析；B还包含逐kernel时间统计。,可选删除；丢失机器可读分析且README引用需调整，建议保留。
deepseek-v4-csa-b/dependency_graph.svg,46237,tracked,合并算子后的近似对称依赖图，省略传递边，MIX每block计一个任务。,可重建，但用户指定交付，建议保留。
deepseek-v4-csa-b/dependency_graph_counts.json,18238,tracked,SVG节点计数、成员TaskId、原始记录数、合并前后依赖边；便于审计图示。,可选删除；SVG生成时可重建，不影响运行或打开SVG。
deepseek-v4-csa-b/deps.json,109143,tracked,逻辑任务、kernel ID、BlockDim、张量和wait依赖；依赖图及静态并发分析的依据。,保留；是约定交付物和SVG生成输入。
deepseek-v4-csa-b/deps_viewer.html,133309,tracked,可直接打开的逻辑依赖图网页。,技术上可从deps和名称映射重建；按当前交付要求保留。
deepseek-v4-csa-b/merged_swimlane.json,3548924,tracked,用于trace查看器的合并泳道展示数据，将采集整理为时间线事件。,可选删除；不影响算子执行，但失去现成时间线；需同步README/PROVENANCE并使用匹配工具重建。
deepseek-v4-csa-b/name_map.json,1472,tracked,callable/kernel ID到可读算子名称的映射。,保留；SVG及分析脚本直接读取，不能只删此文件。
deepseek-v4-csa-b/pypto-lib-operator/LICENSE,5262,tracked,该份源码/生成代码的上游许可证文本。,保留；随代码分发，不作为冗余文件清理。
deepseek-v4-csa-b/pypto-lib-operator/__pycache__/config.cpython-311.pyc,8874,local/ignored,Python导入生成的字节码缓存。,可清理；后续导入自动重建。
deepseek-v4-csa-b/pypto-lib-operator/__pycache__/decode_compressor_ratio4.cpython-311.pyc,38935,local/ignored,Python导入生成的字节码缓存。,可清理；后续导入自动重建。
deepseek-v4-csa-b/pypto-lib-operator/__pycache__/decode_csa.cpython-311.pyc,68294,local/ignored,Python导入生成的字节码缓存。,可清理；后续导入自动重建。
deepseek-v4-csa-b/pypto-lib-operator/__pycache__/decode_indexer.cpython-311.pyc,54076,local/ignored,Python导入生成的字节码缓存。,可清理；后续导入自动重建。
deepseek-v4-csa-b/pypto-lib-operator/__pycache__/decode_indexer_compressor.cpython-311.pyc,44906,local/ignored,Python导入生成的字节码缓存。,可清理；后续导入自动重建。
deepseek-v4-csa-b/pypto-lib-operator/__pycache__/decode_sparse_attn_csa.cpython-311.pyc,59498,local/ignored,Python导入生成的字节码缓存。,可清理；后续导入自动重建。
deepseek-v4-csa-b/pypto-lib-operator/__pycache__/hc_post.cpython-311.pyc,14456,local/ignored,Python导入生成的字节码缓存。,可清理；后续导入自动重建。
deepseek-v4-csa-b/pypto-lib-operator/__pycache__/hc_pre.cpython-311.pyc,33506,local/ignored,Python导入生成的字节码缓存。,可清理；后续导入自动重建。
deepseek-v4-csa-b/pypto-lib-operator/__pycache__/qkv_proj_rope.cpython-311.pyc,84304,local/ignored,Python导入生成的字节码缓存。,可清理；后续导入自动重建。
deepseek-v4-csa-b/pypto-lib-operator/__pycache__/rmsnorm.cpython-311.pyc,9467,local/ignored,Python导入生成的字节码缓存。,可清理；后续导入自动重建。
deepseek-v4-csa-b/pypto-lib-operator/__pycache__/rope_interleave.cpython-311.pyc,4067,local/ignored,Python导入生成的字节码缓存。,可清理；后续导入自动重建。
deepseek-v4-csa-b/pypto-lib-operator/__pycache__/run_benchmark.cpython-311.pyc,3307,local/ignored,Python导入生成的字节码缓存。,可清理；后续导入自动重建。
deepseek-v4-csa-b/pypto-lib-operator/__pycache__/utils.cpython-311.pyc,24543,local/ignored,Python导入生成的字节码缓存。,可清理；后续导入自动重建。
deepseek-v4-csa-b/pypto-lib-operator/config.py,10058,tracked,模型维度、batch及tiling常量；A/B配置不同，不可跨方案随意替换。,保留；当前Python导入/运行闭包组成部分，不能按默认图未执行直接删。
deepseek-v4-csa-b/pypto-lib-operator/decode_compressor_ratio4.py,29289,tracked,主ratio-4压缩器：投影、状态池化、归一化/RoPE及压缩cache更新。,保留；当前Python导入/运行闭包组成部分，不能按默认图未执行直接删。
deepseek-v4-csa-b/pypto-lib-operator/decode_csa.py,44484,tracked,CSA顶层计算图、输入/缓存测试数据构造与Golden参考；A/B均由此组装执行。,保留；当前Python导入/运行闭包组成部分，不能按默认图未执行直接删。
deepseek-v4-csa-b/pypto-lib-operator/decode_indexer.py,41443,tracked,Indexer的查询投影、Hadamard/量化、score归约与Top-K选取。,保留；当前Python导入/运行闭包组成部分，不能按默认图未执行直接删。
deepseek-v4-csa-b/pypto-lib-operator/decode_indexer_compressor.py,33792,tracked,Indexer内部压缩器及其状态/cache处理，区别于主attention压缩器。,保留；当前Python导入/运行闭包组成部分，不能按默认图未执行直接删。
deepseek-v4-csa-b/pypto-lib-operator/decode_sparse_attn_csa.py,45946,tracked,根据Top-K和滑窗构造稀疏访问计划，执行QK/PV、merge及输出投影。,保留；当前Python导入/运行闭包组成部分，不能按默认图未执行直接删。
deepseek-v4-csa-b/pypto-lib-operator/golden/__init__.py,2161,tracked,导出run、规格和比较器等Golden接口。,保留；两个运行入口共同依赖。
deepseek-v4-csa-b/pypto-lib-operator/golden/__pycache__/__init__.cpython-311.pyc,2010,local/ignored,Python导入生成的字节码缓存。,可清理；后续导入自动重建。
deepseek-v4-csa-b/pypto-lib-operator/golden/__pycache__/runner.cpython-311.pyc,97397,local/ignored,Python导入生成的字节码缓存。,可清理；后续导入自动重建。
deepseek-v4-csa-b/pypto-lib-operator/golden/__pycache__/spec.cpython-311.pyc,20390,local/ignored,Python导入生成的字节码缓存。,可清理；后续导入自动重建。
deepseek-v4-csa-b/pypto-lib-operator/golden/__pycache__/validation.cpython-311.pyc,54568,local/ignored,Python导入生成的字节码缓存。,可清理；后续导入自动重建。
deepseek-v4-csa-b/pypto-lib-operator/golden/runner.py,73599,tracked,编译/replay、设备执行、输入保存/读取及Golden比较流程。,保留；两个运行入口共同依赖。
deepseek-v4-csa-b/pypto-lib-operator/golden/spec.py,17247,tracked,TensorSpec、输入初始化和测试数据描述。,保留；两个运行入口共同依赖。
deepseek-v4-csa-b/pypto-lib-operator/golden/validation.py,39091,tracked,数值误差比较器和校验结果定义。,保留；两个运行入口共同依赖。
deepseek-v4-csa-b/pypto-lib-operator/hc_post.py,9910,tracked,Hyper-connection后处理，结合残差流与输出混合系数形成层输出。,保留；当前Python导入/运行闭包组成部分，不能按默认图未执行直接删。
deepseek-v4-csa-b/pypto-lib-operator/hc_pre.py,23225,tracked,Hyper-connection前处理：RMS/线性、系数拆分、Sinkhorn和输入混合。,保留；当前Python导入/运行闭包组成部分，不能按默认图未执行直接删。
deepseek-v4-csa-b/pypto-lib-operator/qkv_proj_rope.py,71837,tracked,Q/QR/KV投影、Split-K累加、量化/归一化与RoPE辅助算子。,保留；当前Python导入/运行闭包组成部分，不能按默认图未执行直接删。
deepseek-v4-csa-b/pypto-lib-operator/rmsnorm.py,6276,tracked,CSA使用的RMS归一化及相关辅助实现。,保留；当前Python导入/运行闭包组成部分，不能按默认图未执行直接删。
deepseek-v4-csa-b/pypto-lib-operator/rope_interleave.py,3193,tracked,RoPE交错排布的辅助算子。,保留；当前Python导入/运行闭包组成部分，不能按默认图未执行直接删。
deepseek-v4-csa-b/pypto-lib-operator/run_benchmark.py,2070,tracked,命令行入口，构建输入、选择PyPTO编译或runtime_dir replay并执行Golden校验。,保留；当前Python导入/运行闭包组成部分，不能按默认图未执行直接删。
deepseek-v4-csa-b/pypto-lib-operator/utils.py,19123,tracked,位置、seq_len、slot/page映射、缓存fixture及参考运算等共享辅助。,保留；当前Python导入/运行闭包组成部分，不能按默认图未执行直接删。
deepseek-v4-csa-b/simpler-operator/LICENSE,5262,tracked,该份源码/生成代码的上游许可证文本。,保留；随代码分发，不作为冗余文件清理。
deepseek-v4-csa-b/simpler-operator/__pycache__/kernel_config.cpython-311.pyc,16667,local/ignored,Python导入生成的字节码缓存。,可清理；后续导入自动重建。
deepseek-v4-csa-b/simpler-operator/cache/.binary_context.lock,0,local/ignored,Simpler本地编译二进制缓存/缓存上下文/锁文件。,停跑后可清理；会触发重新编译；运行中不删除锁。
deepseek-v4-csa-b/simpler-operator/cache/binary_context.json,218,local/ignored,Simpler本地编译二进制缓存/缓存上下文/锁文件。,停跑后可清理；会触发重新编译；运行中不删除锁。
deepseek-v4-csa-b/simpler-operator/cache/incore_0_aiv_hc_pre_rms_a2a3.bin,1596,local/ignored,Simpler本地编译二进制缓存/缓存上下文/锁文件。,停跑后可清理；会触发重新编译；运行中不删除锁。
deepseek-v4-csa-b/simpler-operator/cache/incore_10_aiv_rms_norm_a2a3.bin,2600,local/ignored,Simpler本地编译二进制缓存/缓存上下文/锁文件。,停跑后可清理；会触发重新编译；运行中不删除锁。
deepseek-v4-csa-b/simpler-operator/cache/incore_11_aiv_q_rope_prepare_a2a3.bin,7036,local/ignored,Simpler本地编译二进制缓存/缓存上下文/锁文件。,停跑后可清理；会触发重新编译；运行中不删除锁。
deepseek-v4-csa-b/simpler-operator/cache/incore_12_aiv_qr_proj_seed_a2a3.bin,1064,local/ignored,Simpler本地编译二进制缓存/缓存上下文/锁文件。,停跑后可清理；会触发重新编译；运行中不删除锁。
deepseek-v4-csa-b/simpler-operator/cache/incore_13_aic_qr_proj_matmul_a2a3.bin,1064,local/ignored,Simpler本地编译二进制缓存/缓存上下文/锁文件。,停跑后可清理；会触发重新编译；运行中不删除锁。
deepseek-v4-csa-b/simpler-operator/cache/incore_14_aiv_qr_rms_norm_quant_a2a3.bin,3700,local/ignored,Simpler本地编译二进制缓存/缓存上下文/锁文件。,停跑后可清理；会触发重新编译；运行中不删除锁。
deepseek-v4-csa-b/simpler-operator/cache/incore_15_aic_qproj_matmul_a2a3.bin,1564,local/ignored,Simpler本地编译二进制缓存/缓存上下文/锁文件。,停跑后可清理；会触发重新编译；运行中不删除锁。
deepseek-v4-csa-b/simpler-operator/cache/incore_16_aiv_qproj_dequant_rms_nope_rope_a2a3.bin,4660,local/ignored,Simpler本地编译二进制缓存/缓存上下文/锁文件。,停跑后可清理；会触发重新编译；运行中不删除锁。
deepseek-v4-csa-b/simpler-operator/cache/incore_17_aiv_kv_proj_seed_a2a3.bin,688,local/ignored,Simpler本地编译二进制缓存/缓存上下文/锁文件。,停跑后可清理；会触发重新编译；运行中不删除锁。
deepseek-v4-csa-b/simpler-operator/cache/incore_18_aic_kv_proj_matmul_a2a3.bin,1060,local/ignored,Simpler本地编译二进制缓存/缓存上下文/锁文件。,停跑后可清理；会触发重新编译；运行中不删除锁。
deepseek-v4-csa-b/simpler-operator/cache/incore_19_aiv_kv_rms_norm_rope_a2a3.bin,3896,local/ignored,Simpler本地编译二进制缓存/缓存上下文/锁文件。,停跑后可清理；会触发重新编译；运行中不删除锁。
deepseek-v4-csa-b/simpler-operator/cache/incore_1_aic_hc_pre_linear_a2a3.bin,1164,local/ignored,Simpler本地编译二进制缓存/缓存上下文/锁文件。,停跑后可清理；会触发重新编译；运行中不删除锁。
deepseek-v4-csa-b/simpler-operator/cache/incore_20_aiv_csa_cache_writeback_a2a3.bin,644,local/ignored,Simpler本地编译二进制缓存/缓存上下文/锁文件。,停跑后可清理；会触发重新编译；运行中不删除锁。
deepseek-v4-csa-b/simpler-operator/cache/incore_21_aic_kv_score_proj_a2a3.bin,1696,local/ignored,Simpler本地编译二进制缓存/缓存上下文/锁文件。,停跑后可清理；会触发重新编译；运行中不删除锁。
deepseek-v4-csa-b/simpler-operator/cache/incore_22_aiv_scatter_softmax_pool_a2a3.bin,2640,local/ignored,Simpler本地编译二进制缓存/缓存上下文/锁文件。,停跑后可清理；会触发重新编译；运行中不删除锁。
deepseek-v4-csa-b/simpler-operator/cache/incore_23_aiv_rmsnorm_rope_cache_write_a2a3.bin,4296,local/ignored,Simpler本地编译二进制缓存/缓存上下文/锁文件。,停跑后可清理；会触发重新编译；运行中不删除锁。
deepseek-v4-csa-b/simpler-operator/cache/incore_24_aic_idx_qr_proj_matmul_a2a3.bin,1548,local/ignored,Simpler本地编译二进制缓存/缓存上下文/锁文件。,停跑后可清理；会触发重新编译；运行中不删除锁。
deepseek-v4-csa-b/simpler-operator/cache/incore_25_aiv_idx_qr_proj_dequant_a2a3.bin,2304,local/ignored,Simpler本地编译二进制缓存/缓存上下文/锁文件。,停跑后可清理；会触发重新编译；运行中不删除锁。
deepseek-v4-csa-b/simpler-operator/cache/incore_26_aiv_qr_rope_swap_idx_a2a3.bin,2200,local/ignored,Simpler本地编译二进制缓存/缓存上下文/锁文件。,停跑后可清理；会触发重新编译；运行中不删除锁。
deepseek-v4-csa-b/simpler-operator/cache/incore_27_aiv_qr_rope_a2a3.bin,3032,local/ignored,Simpler本地编译二进制缓存/缓存上下文/锁文件。,停跑后可清理；会触发重新编译；运行中不删除锁。
deepseek-v4-csa-b/simpler-operator/cache/incore_28_aic_qr_hadamard_matmul_a2a3.bin,500,local/ignored,Simpler本地编译二进制缓存/缓存上下文/锁文件。,停跑后可清理；会触发重新编译；运行中不删除锁。
deepseek-v4-csa-b/simpler-operator/cache/incore_29_aiv_qr_hadamard_quant_a2a3.bin,2492,local/ignored,Simpler本地编译二进制缓存/缓存上下文/锁文件。,停跑后可清理；会触发重新编译；运行中不删除锁。
deepseek-v4-csa-b/simpler-operator/cache/incore_2_aiv_hc_pre_linear_reduce_a2a3.bin,396,local/ignored,Simpler本地编译二进制缓存/缓存上下文/锁文件。,停跑后可清理；会触发重新编译；运行中不删除锁。
deepseek-v4-csa-b/simpler-operator/cache/incore_30_aic_weights_proj_a2a3.bin,1424,local/ignored,Simpler本地编译二进制缓存/缓存上下文/锁文件。,停跑后可清理；会触发重新编译；运行中不删除锁。
deepseek-v4-csa-b/simpler-operator/cache/incore_31_aiv_weights_proj_reduce_a2a3.bin,532,local/ignored,Simpler本地编译二进制缓存/缓存上下文/锁文件。,停跑后可清理；会触发重新编译；运行中不删除锁。
deepseek-v4-csa-b/simpler-operator/cache/incore_32_aic_kv_score_proj_0_a2a3.bin,1824,local/ignored,Simpler本地编译二进制缓存/缓存上下文/锁文件。,停跑后可清理；会触发重新编译；运行中不删除锁。
deepseek-v4-csa-b/simpler-operator/cache/incore_33_aiv_scatter_softmax_pool_0_a2a3.bin,2976,local/ignored,Simpler本地编译二进制缓存/缓存上下文/锁文件。,停跑后可清理；会触发重新编译；运行中不删除锁。
deepseek-v4-csa-b/simpler-operator/cache/incore_34_aiv_rmsnorm_rope_a2a3.bin,3460,local/ignored,Simpler本地编译二进制缓存/缓存上下文/锁文件。,停跑后可清理；会触发重新编译；运行中不删除锁。
deepseek-v4-csa-b/simpler-operator/cache/incore_35_aic_kv_hadamard_a2a3.bin,700,local/ignored,Simpler本地编译二进制缓存/缓存上下文/锁文件。,停跑后可清理；会触发重新编译；运行中不删除锁。
deepseek-v4-csa-b/simpler-operator/cache/incore_36_aiv_kv_and_cache_write_a2a3.bin,2392,local/ignored,Simpler本地编译二进制缓存/缓存上下文/锁文件。,停跑后可清理；会触发重新编译；运行中不删除锁。
deepseek-v4-csa-b/simpler-operator/cache/incore_37_aic_score_aic_a2a3.bin,1600,local/ignored,Simpler本地编译二进制缓存/缓存上下文/锁文件。,停跑后可清理；会触发重新编译；运行中不删除锁。
deepseek-v4-csa-b/simpler-operator/cache/incore_38_aiv_score_aiv_a2a3.bin,7116,local/ignored,Simpler本地编译二进制缓存/缓存上下文/锁文件。,停跑后可清理；会触发重新编译；运行中不删除锁。
deepseek-v4-csa-b/simpler-operator/cache/incore_39_aiv_topk_a2a3.bin,1752,local/ignored,Simpler本地编译二进制缓存/缓存上下文/锁文件。,停跑后可清理；会触发重新编译；运行中不删除锁。
deepseek-v4-csa-b/simpler-operator/cache/incore_3_aiv_split_pre_post_a2a3.bin,1092,local/ignored,Simpler本地编译二进制缓存/缓存上下文/锁文件。,停跑后可清理；会触发重新编译；运行中不删除锁。
deepseek-v4-csa-b/simpler-operator/cache/incore_40_aiv_kv_touch_a2a3.bin,100,local/ignored,Simpler本地编译二进制缓存/缓存上下文/锁文件。,停跑后可清理；会触发重新编译；运行中不删除锁。
deepseek-v4-csa-b/simpler-operator/cache/incore_41_aiv_csa_slots_build_valid_qk_plan_a2a3.bin,2796,local/ignored,Simpler本地编译二进制缓存/缓存上下文/锁文件。,停跑后可清理；会触发重新编译；运行中不删除锁。
deepseek-v4-csa-b/simpler-operator/cache/incore_42_aic_qk_pv_aic_a2a3.bin,4300,local/ignored,Simpler本地编译二进制缓存/缓存上下文/锁文件。,停跑后可清理；会触发重新编译；运行中不删除锁。
deepseek-v4-csa-b/simpler-operator/cache/incore_43_aiv_qk_pv_aiv_a2a3.bin,3384,local/ignored,Simpler本地编译二进制缓存/缓存上下文/锁文件。,停跑后可清理；会触发重新编译；运行中不删除锁。
deepseek-v4-csa-b/simpler-operator/cache/incore_44_aiv_rope_cs_a2a3.bin,4656,local/ignored,Simpler本地编译二进制缓存/缓存上下文/锁文件。,停跑后可清理；会触发重新编译；运行中不删除锁。
deepseek-v4-csa-b/simpler-operator/cache/incore_45_aiv_merge_norm_a2a3.bin,3980,local/ignored,Simpler本地编译二进制缓存/缓存上下文/锁文件。,停跑后可清理；会触发重新编译；运行中不删除锁。
deepseek-v4-csa-b/simpler-operator/cache/incore_46_aic_proj_a_mm_a2a3.bin,1116,local/ignored,Simpler本地编译二进制缓存/缓存上下文/锁文件。,停跑后可清理；会触发重新编译；运行中不删除锁。
deepseek-v4-csa-b/simpler-operator/cache/incore_47_aiv_quant_a2a3.bin,4732,local/ignored,Simpler本地编译二进制缓存/缓存上下文/锁文件。,停跑后可清理；会触发重新编译；运行中不删除锁。
deepseek-v4-csa-b/simpler-operator/cache/incore_48_aic_proj_b_mm_a2a3.bin,1500,local/ignored,Simpler本地编译二进制缓存/缓存上下文/锁文件。,停跑后可清理；会触发重新编译；运行中不删除锁。
deepseek-v4-csa-b/simpler-operator/cache/incore_49_aiv_proj_b_act_a2a3.bin,1572,local/ignored,Simpler本地编译二进制缓存/缓存上下文/锁文件。,停跑后可清理；会触发重新编译；运行中不删除锁。
deepseek-v4-csa-b/simpler-operator/cache/incore_4_aiv_comb_sinkhorn_a2a3.bin,3208,local/ignored,Simpler本地编译二进制缓存/缓存上下文/锁文件。,停跑后可清理；会触发重新编译；运行中不删除锁。
deepseek-v4-csa-b/simpler-operator/cache/incore_50_aiv_hc_post_a2a3.bin,1232,local/ignored,Simpler本地编译二进制缓存/缓存上下文/锁文件。,停跑后可清理；会触发重新编译；运行中不删除锁。
deepseek-v4-csa-b/simpler-operator/cache/incore_5_aiv_mix_x_a2a3.bin,2092,local/ignored,Simpler本地编译二进制缓存/缓存上下文/锁文件。,停跑后可清理；会触发重新编译；运行中不删除锁。
deepseek-v4-csa-b/simpler-operator/cache/incore_6_aiv_csa_rope_step_a2a3.bin,1384,local/ignored,Simpler本地编译二进制缓存/缓存上下文/锁文件。,停跑后可清理；会触发重新编译；运行中不删除锁。
deepseek-v4-csa-b/simpler-operator/cache/incore_7_aiv_rope_interleave_a2a3.bin,2300,local/ignored,Simpler本地编译二进制缓存/缓存上下文/锁文件。,停跑后可清理；会触发重新编译；运行中不删除锁。
deepseek-v4-csa-b/simpler-operator/cache/incore_8_aiv_csa_cmp_rope_a2a3.bin,608,local/ignored,Simpler本地编译二进制缓存/缓存上下文/锁文件。,停跑后可清理；会触发重新编译；运行中不删除锁。
deepseek-v4-csa-b/simpler-operator/cache/incore_9_aiv_rope_interleave_0_a2a3.bin,2300,local/ignored,Simpler本地编译二进制缓存/缓存上下文/锁文件。,停跑后可清理；会触发重新编译；运行中不删除锁。
deepseek-v4-csa-b/simpler-operator/compiled_meta.json,6991,tracked,PyPTO replay所需编译ABI元数据：参数顺序、shape、dtype和方向等。,保留；当前replay loader绑定ABI需要。
deepseek-v4-csa-b/simpler-operator/kernel_config.py,10169,tracked,运行时kernel ID、源文件、核类型、参数方向和orchestration入口注册表。,保留；所有注册源文件与此表配套。
deepseek-v4-csa-b/simpler-operator/kernels/aic/hc_pre_linear.cpp,20635,tracked,Hyper-connection系数线性投影。,保留；kernel_config.py引用的生成核，变更分组应重新生成而非手动删文件。
deepseek-v4-csa-b/simpler-operator/kernels/aic/hc_pre_linear.o,125792,local/ignored,本机编译得到的目标文件、编排动态库或设备二进制。,停跑后可清理；需完整源码和匹配工具链重建。
deepseek-v4-csa-b/simpler-operator/kernels/aic/idx_qr_proj_matmul.cpp,20777,tracked,Indexer查询投影矩阵乘。,保留；kernel_config.py引用的生成核，变更分组应重新生成而非手动删文件。
deepseek-v4-csa-b/simpler-operator/kernels/aic/idx_qr_proj_matmul.o,129104,local/ignored,本机编译得到的目标文件、编排动态库或设备二进制。,停跑后可清理；需完整源码和匹配工具链重建。
deepseek-v4-csa-b/simpler-operator/kernels/aic/kv_hadamard.cpp,12513,tracked,Indexer KV Hadamard变换。,保留；kernel_config.py引用的生成核，变更分组应重新生成而非手动删文件。
deepseek-v4-csa-b/simpler-operator/kernels/aic/kv_hadamard.o,106328,local/ignored,本机编译得到的目标文件、编排动态库或设备二进制。,停跑后可清理；需完整源码和匹配工具链重建。
deepseek-v4-csa-b/simpler-operator/kernels/aic/kv_proj_matmul.cpp,21148,tracked,KV投影矩阵乘。,保留；kernel_config.py引用的生成核，变更分组应重新生成而非手动删文件。
deepseek-v4-csa-b/simpler-operator/kernels/aic/kv_proj_matmul.o,126608,local/ignored,本机编译得到的目标文件、编排动态库或设备二进制。,停跑后可清理；需完整源码和匹配工具链重建。
deepseek-v4-csa-b/simpler-operator/kernels/aic/kv_score_proj.cpp,28663,tracked,压缩器KV/score联合投影；_0为Indexer内压缩分支，无后缀为主压缩分支。,保留；kernel_config.py引用的生成核，变更分组应重新生成而非手动删文件。
deepseek-v4-csa-b/simpler-operator/kernels/aic/kv_score_proj.o,137128,local/ignored,本机编译得到的目标文件、编排动态库或设备二进制。,停跑后可清理；需完整源码和匹配工具链重建。
deepseek-v4-csa-b/simpler-operator/kernels/aic/kv_score_proj_0.cpp,29444,tracked,压缩器KV/score联合投影；独立注册的专用分组/调用版本，后缀不代表可删除副本；_0为Indexer内压缩分支，无后缀为主压缩分支。,保留；kernel_config.py引用的生成核，变更分组应重新生成而非手动删文件。
deepseek-v4-csa-b/simpler-operator/kernels/aic/kv_score_proj_0.o,142224,local/ignored,本机编译得到的目标文件、编排动态库或设备二进制。,停跑后可清理；需完整源码和匹配工具链重建。
deepseek-v4-csa-b/simpler-operator/kernels/aic/proj_a_mm.cpp,20635,tracked,低秩输出投影第一段矩阵乘。,保留；kernel_config.py引用的生成核，变更分组应重新生成而非手动删文件。
deepseek-v4-csa-b/simpler-operator/kernels/aic/proj_a_mm.o,126792,local/ignored,本机编译得到的目标文件、编排动态库或设备二进制。,停跑后可清理；需完整源码和匹配工具链重建。
deepseek-v4-csa-b/simpler-operator/kernels/aic/proj_b_mm.cpp,21745,tracked,低秩输出投影第二段矩阵乘。,保留；kernel_config.py引用的生成核，变更分组应重新生成而非手动删文件。
deepseek-v4-csa-b/simpler-operator/kernels/aic/proj_b_mm.o,133128,local/ignored,本机编译得到的目标文件、编排动态库或设备二进制。,停跑后可清理；需完整源码和匹配工具链重建。
deepseek-v4-csa-b/simpler-operator/kernels/aic/qk_pv_aic.cpp,97084,tracked,mixed稀疏attention的QK/PV矩阵计算。,保留；kernel_config.py引用的生成核，变更分组应重新生成而非手动删文件。
deepseek-v4-csa-b/simpler-operator/kernels/aic/qk_pv_aic.o,256664,local/ignored,本机编译得到的目标文件、编排动态库或设备二进制。,停跑后可清理；需完整源码和匹配工具链重建。
deepseek-v4-csa-b/simpler-operator/kernels/aic/qproj_matmul.cpp,19496,tracked,Q展开投影矩阵乘。,保留；kernel_config.py引用的生成核，变更分组应重新生成而非手动删文件。
deepseek-v4-csa-b/simpler-operator/kernels/aic/qproj_matmul.o,125864,local/ignored,本机编译得到的目标文件、编排动态库或设备二进制。,停跑后可清理；需完整源码和匹配工具链重建。
deepseek-v4-csa-b/simpler-operator/kernels/aic/qr_hadamard_matmul.cpp,12022,tracked,查询Hadamard矩阵乘。,保留；kernel_config.py引用的生成核，变更分组应重新生成而非手动删文件。
deepseek-v4-csa-b/simpler-operator/kernels/aic/qr_hadamard_matmul.o,104872,local/ignored,本机编译得到的目标文件、编排动态库或设备二进制。,停跑后可清理；需完整源码和匹配工具链重建。
deepseek-v4-csa-b/simpler-operator/kernels/aic/qr_proj_matmul.cpp,21244,tracked,QR低秩投影矩阵乘。,保留；kernel_config.py引用的生成核，变更分组应重新生成而非手动删文件。
deepseek-v4-csa-b/simpler-operator/kernels/aic/qr_proj_matmul.o,126808,local/ignored,本机编译得到的目标文件、编排动态库或设备二进制。,停跑后可清理；需完整源码和匹配工具链重建。
deepseek-v4-csa-b/simpler-operator/kernels/aic/score_aic.cpp,93874,tracked,mixed score的AIC矩阵计算部分。,保留；kernel_config.py引用的生成核，变更分组应重新生成而非手动删文件。
deepseek-v4-csa-b/simpler-operator/kernels/aic/score_aic.o,139528,local/ignored,本机编译得到的目标文件、编排动态库或设备二进制。,停跑后可清理；需完整源码和匹配工具链重建。
deepseek-v4-csa-b/simpler-operator/kernels/aic/weights_proj.cpp,15308,tracked,Indexer头权重投影。,保留；kernel_config.py引用的生成核，变更分组应重新生成而非手动删文件。
deepseek-v4-csa-b/simpler-operator/kernels/aic/weights_proj.o,123608,local/ignored,本机编译得到的目标文件、编排动态库或设备二进制。,停跑后可清理；需完整源码和匹配工具链重建。
deepseek-v4-csa-b/simpler-operator/kernels/aiv/comb_sinkhorn.cpp,88443,tracked,组合系数的Sinkhorn归一化。,保留；kernel_config.py引用的生成核，变更分组应重新生成而非手动删文件。
deepseek-v4-csa-b/simpler-operator/kernels/aiv/comb_sinkhorn.o,316664,local/ignored,本机编译得到的目标文件、编排动态库或设备二进制。,停跑后可清理；需完整源码和匹配工具链重建。
deepseek-v4-csa-b/simpler-operator/kernels/aiv/csa_cache_writeback.cpp,8767,tracked,KV缓存写回。,保留；kernel_config.py引用的生成核，变更分组应重新生成而非手动删文件。
deepseek-v4-csa-b/simpler-operator/kernels/aiv/csa_cache_writeback.o,85008,local/ignored,本机编译得到的目标文件、编排动态库或设备二进制。,停跑后可清理；需完整源码和匹配工具链重建。
deepseek-v4-csa-b/simpler-operator/kernels/aiv/csa_cmp_rope.cpp,13656,tracked,准备压缩位置RoPE数据。,保留；kernel_config.py引用的生成核，变更分组应重新生成而非手动删文件。
deepseek-v4-csa-b/simpler-operator/kernels/aiv/csa_cmp_rope.o,88480,local/ignored,本机编译得到的目标文件、编排动态库或设备二进制。,停跑后可清理；需完整源码和匹配工具链重建。
deepseek-v4-csa-b/simpler-operator/kernels/aiv/csa_rope_step.cpp,23871,tracked,准备当前decode步的RoPE数据。,保留；kernel_config.py引用的生成核，变更分组应重新生成而非手动删文件。
deepseek-v4-csa-b/simpler-operator/kernels/aiv/csa_rope_step.o,140256,local/ignored,本机编译得到的目标文件、编排动态库或设备二进制。,停跑后可清理；需完整源码和匹配工具链重建。
deepseek-v4-csa-b/simpler-operator/kernels/aiv/csa_slots_build_valid_qk_plan.cpp,36543,tracked,构造滑窗/压缩稀疏slot及有效QK计划。,保留；kernel_config.py引用的生成核，变更分组应重新生成而非手动删文件。
deepseek-v4-csa-b/simpler-operator/kernels/aiv/csa_slots_build_valid_qk_plan.o,268712,local/ignored,本机编译得到的目标文件、编排动态库或设备二进制。,停跑后可清理；需完整源码和匹配工具链重建。
deepseek-v4-csa-b/simpler-operator/kernels/aiv/hc_post.cpp,48364,tracked,Hyper-connection输出与残差流组合。,保留；kernel_config.py引用的生成核，变更分组应重新生成而非手动删文件。
deepseek-v4-csa-b/simpler-operator/kernels/aiv/hc_post.o,141528,local/ignored,本机编译得到的目标文件、编排动态库或设备二进制。,停跑后可清理；需完整源码和匹配工具链重建。
deepseek-v4-csa-b/simpler-operator/kernels/aiv/hc_pre_linear_reduce.cpp,10478,tracked,线性投影分片结果归约。,保留；kernel_config.py引用的生成核，变更分组应重新生成而非手动删文件。
deepseek-v4-csa-b/simpler-operator/kernels/aiv/hc_pre_linear_reduce.o,75416,local/ignored,本机编译得到的目标文件、编排动态库或设备二进制。,停跑后可清理；需完整源码和匹配工具链重建。
deepseek-v4-csa-b/simpler-operator/kernels/aiv/hc_pre_rms.cpp,25962,tracked,输入RMS统计。,保留；kernel_config.py引用的生成核，变更分组应重新生成而非手动删文件。
deepseek-v4-csa-b/simpler-operator/kernels/aiv/hc_pre_rms.o,144504,local/ignored,本机编译得到的目标文件、编排动态库或设备二进制。,停跑后可清理；需完整源码和匹配工具链重建。
deepseek-v4-csa-b/simpler-operator/kernels/aiv/idx_qr_proj_dequant.cpp,14434,tracked,Indexer投影反量化。,保留；kernel_config.py引用的生成核，变更分组应重新生成而非手动删文件。
deepseek-v4-csa-b/simpler-operator/kernels/aiv/idx_qr_proj_dequant.o,148624,local/ignored,本机编译得到的目标文件、编排动态库或设备二进制。,停跑后可清理；需完整源码和匹配工具链重建。
deepseek-v4-csa-b/simpler-operator/kernels/aiv/kv_and_cache_write.cpp,24712,tracked,Indexer KV数据处理与cache写入。,保留；kernel_config.py引用的生成核，变更分组应重新生成而非手动删文件。
deepseek-v4-csa-b/simpler-operator/kernels/aiv/kv_and_cache_write.o,201208,local/ignored,本机编译得到的目标文件、编排动态库或设备二进制。,停跑后可清理；需完整源码和匹配工具链重建。
deepseek-v4-csa-b/simpler-operator/kernels/aiv/kv_proj_seed.cpp,5944,tracked,初始化KV投影累加缓冲。,保留；kernel_config.py引用的生成核，变更分组应重新生成而非手动删文件。
deepseek-v4-csa-b/simpler-operator/kernels/aiv/kv_proj_seed.o,62872,local/ignored,本机编译得到的目标文件、编排动态库或设备二进制。,停跑后可清理；需完整源码和匹配工具链重建。
deepseek-v4-csa-b/simpler-operator/kernels/aiv/kv_rms_norm_rope.cpp,55105,tracked,KV归一化和RoPE。,保留；kernel_config.py引用的生成核，变更分组应重新生成而非手动删文件。
deepseek-v4-csa-b/simpler-operator/kernels/aiv/kv_rms_norm_rope.o,282792,local/ignored,本机编译得到的目标文件、编排动态库或设备二进制。,停跑后可清理；需完整源码和匹配工具链重建。
deepseek-v4-csa-b/simpler-operator/kernels/aiv/kv_touch.cpp,4720,tracked,通过cache自拷贝表达真实缓存依赖；不是可删除dummy。,保留；kernel_config.py引用的生成核，变更分组应重新生成而非手动删文件。
deepseek-v4-csa-b/simpler-operator/kernels/aiv/kv_touch.o,60824,local/ignored,本机编译得到的目标文件、编排动态库或设备二进制。,停跑后可清理；需完整源码和匹配工具链重建。
deepseek-v4-csa-b/simpler-operator/kernels/aiv/merge_norm.cpp,94395,tracked,合并稀疏块的attention输出和归一化统计。,保留；kernel_config.py引用的生成核，变更分组应重新生成而非手动删文件。
deepseek-v4-csa-b/simpler-operator/kernels/aiv/merge_norm.o,345192,local/ignored,本机编译得到的目标文件、编排动态库或设备二进制。,停跑后可清理；需完整源码和匹配工具链重建。
deepseek-v4-csa-b/simpler-operator/kernels/aiv/mix_x.cpp,35235,tracked,按系数混合残差流作为attention输入。,保留；kernel_config.py引用的生成核，变更分组应重新生成而非手动删文件。
deepseek-v4-csa-b/simpler-operator/kernels/aiv/mix_x.o,170416,local/ignored,本机编译得到的目标文件、编排动态库或设备二进制。,停跑后可清理；需完整源码和匹配工具链重建。
deepseek-v4-csa-b/simpler-operator/kernels/aiv/proj_b_act.cpp,22776,tracked,第二段输出投影结果处理。,保留；kernel_config.py引用的生成核，变更分组应重新生成而非手动删文件。
deepseek-v4-csa-b/simpler-operator/kernels/aiv/proj_b_act.o,163224,local/ignored,本机编译得到的目标文件、编排动态库或设备二进制。,停跑后可清理；需完整源码和匹配工具链重建。
deepseek-v4-csa-b/simpler-operator/kernels/aiv/q_rope_prepare.cpp,63553,tracked,准备Q侧RoPE数据。,保留；kernel_config.py引用的生成核，变更分组应重新生成而非手动删文件。
deepseek-v4-csa-b/simpler-operator/kernels/aiv/q_rope_prepare.o,345816,local/ignored,本机编译得到的目标文件、编排动态库或设备二进制。,停跑后可清理；需完整源码和匹配工具链重建。
deepseek-v4-csa-b/simpler-operator/kernels/aiv/qk_pv_aiv.cpp,97246,tracked,mixed稀疏attention的数据准备、softmax及向量协作。,保留；kernel_config.py引用的生成核，变更分组应重新生成而非手动删文件。
deepseek-v4-csa-b/simpler-operator/kernels/aiv/qk_pv_aiv.o,246296,local/ignored,本机编译得到的目标文件、编排动态库或设备二进制。,停跑后可清理；需完整源码和匹配工具链重建。
deepseek-v4-csa-b/simpler-operator/kernels/aiv/qproj_dequant_rms_nope_rope.cpp,59049,tracked,Q反量化、归一化及NoPE/RoPE处理。,保留；kernel_config.py引用的生成核，变更分组应重新生成而非手动删文件。
deepseek-v4-csa-b/simpler-operator/kernels/aiv/qproj_dequant_rms_nope_rope.o,334968,local/ignored,本机编译得到的目标文件、编排动态库或设备二进制。,停跑后可清理；需完整源码和匹配工具链重建。
deepseek-v4-csa-b/simpler-operator/kernels/aiv/qr_hadamard_quant.cpp,20014,tracked,Hadamard结果量化。,保留；kernel_config.py引用的生成核，变更分组应重新生成而非手动删文件。
deepseek-v4-csa-b/simpler-operator/kernels/aiv/qr_hadamard_quant.o,188352,local/ignored,本机编译得到的目标文件、编排动态库或设备二进制。,停跑后可清理；需完整源码和匹配工具链重建。
deepseek-v4-csa-b/simpler-operator/kernels/aiv/qr_proj_seed.cpp,5963,tracked,初始化QR投影累加缓冲。,保留；kernel_config.py引用的生成核，变更分组应重新生成而非手动删文件。
deepseek-v4-csa-b/simpler-operator/kernels/aiv/qr_proj_seed.o,66080,local/ignored,本机编译得到的目标文件、编排动态库或设备二进制。,停跑后可清理；需完整源码和匹配工具链重建。
deepseek-v4-csa-b/simpler-operator/kernels/aiv/qr_rms_norm_quant.cpp,53662,tracked,QR结果RMS归一化及量化。,保留；kernel_config.py引用的生成核，变更分组应重新生成而非手动删文件。
deepseek-v4-csa-b/simpler-operator/kernels/aiv/qr_rms_norm_quant.o,295376,local/ignored,本机编译得到的目标文件、编排动态库或设备二进制。,停跑后可清理；需完整源码和匹配工具链重建。
deepseek-v4-csa-b/simpler-operator/kernels/aiv/qr_rope.cpp,23549,tracked,Indexer查询RoPE。,保留；kernel_config.py引用的生成核，变更分组应重新生成而非手动删文件。
deepseek-v4-csa-b/simpler-operator/kernels/aiv/qr_rope.o,174728,local/ignored,本机编译得到的目标文件、编排动态库或设备二进制。,停跑后可清理；需完整源码和匹配工具链重建。
deepseek-v4-csa-b/simpler-operator/kernels/aiv/qr_rope_swap_idx.cpp,10792,tracked,构造RoPE交换索引。,保留；kernel_config.py引用的生成核，变更分组应重新生成而非手动删文件。
deepseek-v4-csa-b/simpler-operator/kernels/aiv/qr_rope_swap_idx.o,129144,local/ignored,本机编译得到的目标文件、编排动态库或设备二进制。,停跑后可清理；需完整源码和匹配工具链重建。
deepseek-v4-csa-b/simpler-operator/kernels/aiv/quant.cpp,41040,tracked,输出投影中间结果量化。,保留；kernel_config.py引用的生成核，变更分组应重新生成而非手动删文件。
deepseek-v4-csa-b/simpler-operator/kernels/aiv/quant.o,237336,local/ignored,本机编译得到的目标文件、编排动态库或设备二进制。,停跑后可清理；需完整源码和匹配工具链重建。
deepseek-v4-csa-b/simpler-operator/kernels/aiv/rms_norm.cpp,33152,tracked,RMS归一化。,保留；kernel_config.py引用的生成核，变更分组应重新生成而非手动删文件。
deepseek-v4-csa-b/simpler-operator/kernels/aiv/rms_norm.o,205736,local/ignored,本机编译得到的目标文件、编排动态库或设备二进制。,停跑后可清理；需完整源码和匹配工具链重建。
deepseek-v4-csa-b/simpler-operator/kernels/aiv/rmsnorm_rope.cpp,46652,tracked,Indexer压缩结果归一化及RoPE。,保留；kernel_config.py引用的生成核，变更分组应重新生成而非手动删文件。
deepseek-v4-csa-b/simpler-operator/kernels/aiv/rmsnorm_rope.o,295864,local/ignored,本机编译得到的目标文件、编排动态库或设备二进制。,停跑后可清理；需完整源码和匹配工具链重建。
deepseek-v4-csa-b/simpler-operator/kernels/aiv/rmsnorm_rope_cache_write.cpp,54085,tracked,主压缩结果归一化、RoPE与cache写入。,保留；kernel_config.py引用的生成核，变更分组应重新生成而非手动删文件。
deepseek-v4-csa-b/simpler-operator/kernels/aiv/rmsnorm_rope_cache_write.o,324280,local/ignored,本机编译得到的目标文件、编排动态库或设备二进制。,停跑后可清理；需完整源码和匹配工具链重建。
deepseek-v4-csa-b/simpler-operator/kernels/aiv/rope_cs.cpp,35812,tracked,输出阶段使用的RoPE cos/sin数据准备。,保留；kernel_config.py引用的生成核，变更分组应重新生成而非手动删文件。
deepseek-v4-csa-b/simpler-operator/kernels/aiv/rope_cs.o,253008,local/ignored,本机编译得到的目标文件、编排动态库或设备二进制。,停跑后可清理；需完整源码和匹配工具链重建。
deepseek-v4-csa-b/simpler-operator/kernels/aiv/rope_interleave.cpp,24761,tracked,RoPE数据交错排布。,保留；kernel_config.py引用的生成核，变更分组应重新生成而非手动删文件。
deepseek-v4-csa-b/simpler-operator/kernels/aiv/rope_interleave.o,176504,local/ignored,本机编译得到的目标文件、编排动态库或设备二进制。,停跑后可清理；需完整源码和匹配工具链重建。
deepseek-v4-csa-b/simpler-operator/kernels/aiv/rope_interleave_0.cpp,24695,tracked,RoPE数据交错排布；独立注册的专用分组/调用版本，后缀不代表可删除副本。,保留；kernel_config.py引用的生成核，变更分组应重新生成而非手动删文件。
deepseek-v4-csa-b/simpler-operator/kernels/aiv/rope_interleave_0.o,176512,local/ignored,本机编译得到的目标文件、编排动态库或设备二进制。,停跑后可清理；需完整源码和匹配工具链重建。
deepseek-v4-csa-b/simpler-operator/kernels/aiv/scatter_softmax_pool.cpp,52053,tracked,压缩状态scatter、softmax池化；_0为Indexer内压缩分支，无后缀为主压缩分支。,保留；kernel_config.py引用的生成核，变更分组应重新生成而非手动删文件。
deepseek-v4-csa-b/simpler-operator/kernels/aiv/scatter_softmax_pool.o,225088,local/ignored,本机编译得到的目标文件、编排动态库或设备二进制。,停跑后可清理；需完整源码和匹配工具链重建。
deepseek-v4-csa-b/simpler-operator/kernels/aiv/scatter_softmax_pool_0.cpp,55216,tracked,压缩状态scatter、softmax池化；独立注册的专用分组/调用版本，后缀不代表可删除副本；_0为Indexer内压缩分支，无后缀为主压缩分支。,保留；kernel_config.py引用的生成核，变更分组应重新生成而非手动删文件。
deepseek-v4-csa-b/simpler-operator/kernels/aiv/scatter_softmax_pool_0.o,224416,local/ignored,本机编译得到的目标文件、编排动态库或设备二进制。,停跑后可清理；需完整源码和匹配工具链重建。
deepseek-v4-csa-b/simpler-operator/kernels/aiv/score_aiv.cpp,94036,tracked,mixed score的AIV搬运、反量化及归约部分。,保留；kernel_config.py引用的生成核，变更分组应重新生成而非手动删文件。
deepseek-v4-csa-b/simpler-operator/kernels/aiv/score_aiv.o,303656,local/ignored,本机编译得到的目标文件、编排动态库或设备二进制。,停跑后可清理；需完整源码和匹配工具链重建。
deepseek-v4-csa-b/simpler-operator/kernels/aiv/split_pre_post.cpp,28465,tracked,拆分pre/post混合系数。,保留；kernel_config.py引用的生成核，变更分组应重新生成而非手动删文件。
deepseek-v4-csa-b/simpler-operator/kernels/aiv/split_pre_post.o,163808,local/ignored,本机编译得到的目标文件、编排动态库或设备二进制。,停跑后可清理；需完整源码和匹配工具链重建。
deepseek-v4-csa-b/simpler-operator/kernels/aiv/topk.cpp,22074,tracked,从score选择Top-K位置。,保留；kernel_config.py引用的生成核，变更分组应重新生成而非手动删文件。
deepseek-v4-csa-b/simpler-operator/kernels/aiv/topk.o,179232,local/ignored,本机编译得到的目标文件、编排动态库或设备二进制。,停跑后可清理；需完整源码和匹配工具链重建。
deepseek-v4-csa-b/simpler-operator/kernels/aiv/weights_proj_reduce.cpp,12945,tracked,头权重分片归约。,保留；kernel_config.py引用的生成核，变更分组应重新生成而非手动删文件。
deepseek-v4-csa-b/simpler-operator/kernels/aiv/weights_proj_reduce.o,86560,local/ignored,本机编译得到的目标文件、编排动态库或设备二进制。,停跑后可清理；需完整源码和匹配工具链重建。
deepseek-v4-csa-b/simpler-operator/orchestration/attention_csa_test.cpp,60646,tracked,生成的AICPU编排：创建/提交任务、传递参数、连接依赖和中间张量。,保留；删除会使随包Simpler无法重建运行。
deepseek-v4-csa-b/simpler-operator/orchestration/attention_csa_test.so,1109816,local/ignored,本机编译得到的目标文件、编排动态库或设备二进制。,停跑后可清理；需完整源码和匹配工具链重建。
deepseek-v4-csa-b/simpler-operator/test_decode_csa.py,480,tracked,Simpler replay薄入口，导入兄弟Python目录并传入runtime_dir执行生成C++。,保留；当前Simpler命令入口。
deepseek-v4-csa-b/structural_validation.json,659,tracked,上述结构校验最近一次结果，不是Golden数值验证的替代品。,可选删除；可运行verify_scheme_b.py重建，但会失去该次结果记录。
deepseek-v4-csa-b/verify_scheme_b.py,5214,tracked,检查B默认位置、工作项覆盖、页表隔离及相对A的BlockDim变化。,仅运行模型时可删；建议保留结构回归能力。
qwen3-decode-layer/PROVENANCE.json,10618,tracked,源版本、采集身份、工具/验证信息及随包文件SHA-256清单。,保留；不是运行必需，但用于确认代码与采集配套。文件删改后必须同步清单。
qwen3-decode-layer/chip_swimlane_records.json,236981,tracked,原始芯片采集：核类型、任务ID、开始/结束时间及调度记录；物理记录统计的依据。,保留；删除将失去该次实测证据，重新运行不保证相同耗时。
qwen3-decode-layer/concurrency_analysis.json,4092,tracked,该次采集的静态/实测并发分析；B还包含逐kernel时间统计。,可选删除；丢失机器可读分析且README引用需调整，建议保留。
qwen3-decode-layer/dependency_graph.svg,19815,tracked,合并算子后的近似对称依赖图，省略传递边，MIX每block计一个任务。,可重建，但用户指定交付，建议保留。
qwen3-decode-layer/dependency_graph_counts.json,10484,tracked,SVG节点计数、成员TaskId、原始记录数、合并前后依赖边；便于审计图示。,可选删除；SVG生成时可重建，不影响运行或打开SVG。
qwen3-decode-layer/deps.json,140226,tracked,逻辑任务、kernel ID、BlockDim、张量和wait依赖；依赖图及静态并发分析的依据。,保留；是约定交付物和SVG生成输入。
qwen3-decode-layer/deps_viewer.html,305359,tracked,可直接打开的逻辑依赖图网页。,技术上可从deps和名称映射重建；按当前交付要求保留。
qwen3-decode-layer/merged_swimlane.json,2790658,tracked,用于trace查看器的合并泳道展示数据，将采集整理为时间线事件。,可选删除；不影响算子执行，但失去现成时间线；需同步README/PROVENANCE并使用匹配工具重建。
qwen3-decode-layer/name_map.json,1714,tracked,callable/kernel ID到可读算子名称的映射。,保留；SVG及分析脚本直接读取，不能只删此文件。
qwen3-decode-layer/pypto-lib-operator/LICENSE,5262,tracked,该份源码/生成代码的上游许可证文本。,保留；随代码分发，不作为冗余文件清理。
qwen3-decode-layer/pypto-lib-operator/__pycache__/config.cpython-311.pyc,1754,local/ignored,Python导入生成的字节码缓存。,可清理；后续导入自动重建。
qwen3-decode-layer/pypto-lib-operator/__pycache__/constants.cpython-311.pyc,5313,local/ignored,Python导入生成的字节码缓存。,可清理；后续导入自动重建。
qwen3-decode-layer/pypto-lib-operator/__pycache__/decode_fwd.cpython-311.pyc,106700,local/ignored,Python导入生成的字节码缓存。,可清理；后续导入自动重建。
qwen3-decode-layer/pypto-lib-operator/__pycache__/paged_attention_pypto.cpython-311.pyc,33093,local/ignored,Python导入生成的字节码缓存。,可清理；后续导入自动重建。
qwen3-decode-layer/pypto-lib-operator/__pycache__/rms_lm_head.cpython-311.pyc,19024,local/ignored,Python导入生成的字节码缓存。,可清理；后续导入自动重建。
qwen3-decode-layer/pypto-lib-operator/__pycache__/run_benchmark.cpython-311.pyc,3541,local/ignored,Python导入生成的字节码缓存。,可清理；后续导入自动重建。
qwen3-decode-layer/pypto-lib-operator/config.py,1780,tracked,模型维度、batch及tiling常量；A/B配置不同，不可跨方案随意替换。,保留；当前Python导入/运行闭包组成部分，不能按默认图未执行直接删。
qwen3-decode-layer/pypto-lib-operator/constants.py,5170,tracked,Qwen模型规格与默认tiling数据结构，供config和attention模块导入。,保留；当前Python导入/运行闭包组成部分，不能按默认图未执行直接删。
qwen3-decode-layer/pypto-lib-operator/decode_fwd.py,105835,tracked,Qwen decode计算图、输入构造和Golden；同时保留上游多层/LM-head相关定义。,保留；当前Python导入/运行闭包组成部分，不能按默认图未执行直接删。
qwen3-decode-layer/pypto-lib-operator/golden/__init__.py,2161,tracked,导出run、规格和比较器等Golden接口。,保留；两个运行入口共同依赖。
qwen3-decode-layer/pypto-lib-operator/golden/__pycache__/__init__.cpython-311.pyc,2011,local/ignored,Python导入生成的字节码缓存。,可清理；后续导入自动重建。
qwen3-decode-layer/pypto-lib-operator/golden/__pycache__/runner.cpython-311.pyc,97398,local/ignored,Python导入生成的字节码缓存。,可清理；后续导入自动重建。
qwen3-decode-layer/pypto-lib-operator/golden/__pycache__/spec.cpython-311.pyc,20391,local/ignored,Python导入生成的字节码缓存。,可清理；后续导入自动重建。
qwen3-decode-layer/pypto-lib-operator/golden/__pycache__/validation.cpython-311.pyc,54569,local/ignored,Python导入生成的字节码缓存。,可清理；后续导入自动重建。
qwen3-decode-layer/pypto-lib-operator/golden/runner.py,73599,tracked,编译/replay、设备执行、输入保存/读取及Golden比较流程。,保留；两个运行入口共同依赖。
qwen3-decode-layer/pypto-lib-operator/golden/spec.py,17247,tracked,TensorSpec、输入初始化和测试数据描述。,保留；两个运行入口共同依赖。
qwen3-decode-layer/pypto-lib-operator/golden/validation.py,39091,tracked,数值误差比较器和校验结果定义。,保留；两个运行入口共同依赖。
qwen3-decode-layer/pypto-lib-operator/paged_attention_pypto.py,42233,tracked,原生PyPTO分页attention：Phase0预处理和mixed QK/softmax/PV计算。,保留；当前Python导入/运行闭包组成部分，不能按默认图未执行直接删。
qwen3-decode-layer/pypto-lib-operator/rms_lm_head.py,16416,tracked,最终RMSNorm/LM-head实现；默认单层不执行，但decode_fwd.py顶层直接导入，不能直接删除。,保留；当前Python导入/运行闭包组成部分，不能按默认图未执行直接删。
qwen3-decode-layer/pypto-lib-operator/run_benchmark.py,2365,tracked,命令行入口，构建输入、选择PyPTO编译或runtime_dir replay并执行Golden校验。,保留；当前Python导入/运行闭包组成部分，不能按默认图未执行直接删。
qwen3-decode-layer/simpler-operator/LICENSE,5262,tracked,该份源码/生成代码的上游许可证文本。,保留；随代码分发，不作为冗余文件清理。
qwen3-decode-layer/simpler-operator/__pycache__/kernel_config.cpython-311.pyc,17312,local/ignored,Python导入生成的字节码缓存。,可清理；后续导入自动重建。
qwen3-decode-layer/simpler-operator/cache/.binary_context.lock,0,local/ignored,Simpler本地编译二进制缓存/缓存上下文/锁文件。,停跑后可清理；会触发重新编译；运行中不删除锁。
qwen3-decode-layer/simpler-operator/cache/binary_context.json,218,local/ignored,Simpler本地编译二进制缓存/缓存上下文/锁文件。,停跑后可清理；会触发重新编译；运行中不删除锁。
qwen3-decode-layer/simpler-operator/cache/incore_0_aiv_copy_hidden_a2a3.bin,616,local/ignored,Simpler本地编译二进制缓存/缓存上下文/锁文件。,停跑后可清理；会触发重新编译；运行中不删除锁。
qwen3-decode-layer/simpler-operator/cache/incore_10_aiv_attn_phase0_a2a3.bin,7396,local/ignored,Simpler本地编译二进制缓存/缓存上下文/锁文件。,停跑后可清理；会触发重新编译；运行中不删除锁。
qwen3-decode-layer/simpler-operator/cache/incore_11_aic_attn_swpipe_aic_a2a3.bin,4544,local/ignored,Simpler本地编译二进制缓存/缓存上下文/锁文件。,停跑后可清理；会触发重新编译；运行中不删除锁。
qwen3-decode-layer/simpler-operator/cache/incore_12_aiv_attn_swpipe_aiv_a2a3.bin,4736,local/ignored,Simpler本地编译二进制缓存/缓存上下文/锁文件。,停跑后可清理；会触发重新编译；运行中不删除锁。
qwen3-decode-layer/simpler-operator/cache/incore_13_aic_out_proj_a2a3.bin,1208,local/ignored,Simpler本地编译二进制缓存/缓存上下文/锁文件。,停跑后可清理；会触发重新编译；运行中不删除锁。
qwen3-decode-layer/simpler-operator/cache/incore_14_aic_out_proj_0_a2a3.bin,1188,local/ignored,Simpler本地编译二进制缓存/缓存上下文/锁文件。,停跑后可清理；会触发重新编译；运行中不删除锁。
qwen3-decode-layer/simpler-operator/cache/incore_15_aic_out_proj_1_a2a3.bin,1188,local/ignored,Simpler本地编译二进制缓存/缓存上下文/锁文件。,停跑后可清理；会触发重新编译；运行中不删除锁。
qwen3-decode-layer/simpler-operator/cache/incore_16_aic_out_proj_2_a2a3.bin,1188,local/ignored,Simpler本地编译二进制缓存/缓存上下文/锁文件。,停跑后可清理；会触发重新编译；运行中不删除锁。
qwen3-decode-layer/simpler-operator/cache/incore_17_aic_out_proj_3_a2a3.bin,1188,local/ignored,Simpler本地编译二进制缓存/缓存上下文/锁文件。,停跑后可清理；会触发重新编译；运行中不删除锁。
qwen3-decode-layer/simpler-operator/cache/incore_18_aic_out_proj_4_a2a3.bin,1188,local/ignored,Simpler本地编译二进制缓存/缓存上下文/锁文件。,停跑后可清理；会触发重新编译；运行中不删除锁。
qwen3-decode-layer/simpler-operator/cache/incore_19_aic_out_proj_5_a2a3.bin,1188,local/ignored,Simpler本地编译二进制缓存/缓存上下文/锁文件。,停跑后可清理；会触发重新编译；运行中不删除锁。
qwen3-decode-layer/simpler-operator/cache/incore_1_aiv_x_gamma0_a2a3.bin,2088,local/ignored,Simpler本地编译二进制缓存/缓存上下文/锁文件。,停跑后可清理；会触发重新编译；运行中不删除锁。
qwen3-decode-layer/simpler-operator/cache/incore_20_aic_out_proj_6_a2a3.bin,1188,local/ignored,Simpler本地编译二进制缓存/缓存上下文/锁文件。,停跑后可清理；会触发重新编译；运行中不删除锁。
qwen3-decode-layer/simpler-operator/cache/incore_21_aic_out_proj_7_a2a3.bin,1188,local/ignored,Simpler本地编译二进制缓存/缓存上下文/锁文件。,停跑后可清理；会触发重新编译；运行中不删除锁。
qwen3-decode-layer/simpler-operator/cache/incore_22_aic_out_proj_8_a2a3.bin,1188,local/ignored,Simpler本地编译二进制缓存/缓存上下文/锁文件。,停跑后可清理；会触发重新编译；运行中不删除锁。
qwen3-decode-layer/simpler-operator/cache/incore_23_aiv_residual_rms_cast_a2a3.bin,1528,local/ignored,Simpler本地编译二进制缓存/缓存上下文/锁文件。,停跑后可清理；会触发重新编译；运行中不删除锁。
qwen3-decode-layer/simpler-operator/cache/incore_24_aiv_residual_rms_cast_0_a2a3.bin,1572,local/ignored,Simpler本地编译二进制缓存/缓存上下文/锁文件。,停跑后可清理；会触发重新编译；运行中不删除锁。
qwen3-decode-layer/simpler-operator/cache/incore_25_aiv_residual_rms_cast_1_a2a3.bin,1580,local/ignored,Simpler本地编译二进制缓存/缓存上下文/锁文件。,停跑后可清理；会触发重新编译；运行中不删除锁。
qwen3-decode-layer/simpler-operator/cache/incore_26_aiv_residual_rms_cast_2_a2a3.bin,1580,local/ignored,Simpler本地编译二进制缓存/缓存上下文/锁文件。,停跑后可清理；会触发重新编译；运行中不删除锁。
qwen3-decode-layer/simpler-operator/cache/incore_27_aiv_residual_rms_cast_3_a2a3.bin,1572,local/ignored,Simpler本地编译二进制缓存/缓存上下文/锁文件。,停跑后可清理；会触发重新编译；运行中不删除锁。
qwen3-decode-layer/simpler-operator/cache/incore_28_aiv_post_rms_reduce_a2a3.bin,984,local/ignored,Simpler本地编译二进制缓存/缓存上下文/锁文件。,停跑后可清理；会触发重新编译；运行中不删除锁。
qwen3-decode-layer/simpler-operator/cache/incore_29_aic_gate_proj_a2a3.bin,1680,local/ignored,Simpler本地编译二进制缓存/缓存上下文/锁文件。,停跑后可清理；会触发重新编译；运行中不删除锁。
qwen3-decode-layer/simpler-operator/cache/incore_2_aiv_attn_out_seed_a2a3.bin,224,local/ignored,Simpler本地编译二进制缓存/缓存上下文/锁文件。,停跑后可清理；会触发重新编译；运行中不删除锁。
qwen3-decode-layer/simpler-operator/cache/incore_30_aic_up_proj_a2a3.bin,1680,local/ignored,Simpler本地编译二进制缓存/缓存上下文/锁文件。,停跑后可清理；会触发重新编译；运行中不删除锁。
qwen3-decode-layer/simpler-operator/cache/incore_31_aic_gate_proj_0_a2a3.bin,1704,local/ignored,Simpler本地编译二进制缓存/缓存上下文/锁文件。,停跑后可清理；会触发重新编译；运行中不删除锁。
qwen3-decode-layer/simpler-operator/cache/incore_32_aic_up_proj_0_a2a3.bin,1704,local/ignored,Simpler本地编译二进制缓存/缓存上下文/锁文件。,停跑后可清理；会触发重新编译；运行中不删除锁。
qwen3-decode-layer/simpler-operator/cache/incore_33_aic_gate_proj_1_a2a3.bin,1724,local/ignored,Simpler本地编译二进制缓存/缓存上下文/锁文件。,停跑后可清理；会触发重新编译；运行中不删除锁。
qwen3-decode-layer/simpler-operator/cache/incore_34_aic_up_proj_1_a2a3.bin,1724,local/ignored,Simpler本地编译二进制缓存/缓存上下文/锁文件。,停跑后可清理；会触发重新编译；运行中不删除锁。
qwen3-decode-layer/simpler-operator/cache/incore_35_aic_gate_proj_2_a2a3.bin,1724,local/ignored,Simpler本地编译二进制缓存/缓存上下文/锁文件。,停跑后可清理；会触发重新编译；运行中不删除锁。
qwen3-decode-layer/simpler-operator/cache/incore_36_aic_up_proj_2_a2a3.bin,1724,local/ignored,Simpler本地编译二进制缓存/缓存上下文/锁文件。,停跑后可清理；会触发重新编译；运行中不删除锁。
qwen3-decode-layer/simpler-operator/cache/incore_37_aic_gate_proj_3_a2a3.bin,1724,local/ignored,Simpler本地编译二进制缓存/缓存上下文/锁文件。,停跑后可清理；会触发重新编译；运行中不删除锁。
qwen3-decode-layer/simpler-operator/cache/incore_38_aic_up_proj_3_a2a3.bin,1724,local/ignored,Simpler本地编译二进制缓存/缓存上下文/锁文件。,停跑后可清理；会触发重新编译；运行中不删除锁。
qwen3-decode-layer/simpler-operator/cache/incore_39_aic_gate_proj_4_a2a3.bin,1724,local/ignored,Simpler本地编译二进制缓存/缓存上下文/锁文件。,停跑后可清理；会触发重新编译；运行中不删除锁。
qwen3-decode-layer/simpler-operator/cache/incore_3_aiv_rms_recip_a2a3.bin,1240,local/ignored,Simpler本地编译二进制缓存/缓存上下文/锁文件。,停跑后可清理；会触发重新编译；运行中不删除锁。
qwen3-decode-layer/simpler-operator/cache/incore_40_aic_up_proj_4_a2a3.bin,1724,local/ignored,Simpler本地编译二进制缓存/缓存上下文/锁文件。,停跑后可清理；会触发重新编译；运行中不删除锁。
qwen3-decode-layer/simpler-operator/cache/incore_41_aic_gate_proj_5_a2a3.bin,1724,local/ignored,Simpler本地编译二进制缓存/缓存上下文/锁文件。,停跑后可清理；会触发重新编译；运行中不删除锁。
qwen3-decode-layer/simpler-operator/cache/incore_42_aic_up_proj_5_a2a3.bin,1724,local/ignored,Simpler本地编译二进制缓存/缓存上下文/锁文件。,停跑后可清理；会触发重新编译；运行中不删除锁。
qwen3-decode-layer/simpler-operator/cache/incore_43_aic_gate_proj_6_a2a3.bin,1724,local/ignored,Simpler本地编译二进制缓存/缓存上下文/锁文件。,停跑后可清理；会触发重新编译；运行中不删除锁。
qwen3-decode-layer/simpler-operator/cache/incore_44_aic_up_proj_6_a2a3.bin,1724,local/ignored,Simpler本地编译二进制缓存/缓存上下文/锁文件。,停跑后可清理；会触发重新编译；运行中不删除锁。
qwen3-decode-layer/simpler-operator/cache/incore_45_aic_gate_proj_7_a2a3.bin,1724,local/ignored,Simpler本地编译二进制缓存/缓存上下文/锁文件。,停跑后可清理；会触发重新编译；运行中不删除锁。
qwen3-decode-layer/simpler-operator/cache/incore_46_aic_up_proj_7_a2a3.bin,1724,local/ignored,Simpler本地编译二进制缓存/缓存上下文/锁文件。,停跑后可清理；会触发重新编译；运行中不删除锁。
qwen3-decode-layer/simpler-operator/cache/incore_47_aic_gate_proj_8_a2a3.bin,1724,local/ignored,Simpler本地编译二进制缓存/缓存上下文/锁文件。,停跑后可清理；会触发重新编译；运行中不删除锁。
qwen3-decode-layer/simpler-operator/cache/incore_48_aic_up_proj_8_a2a3.bin,1724,local/ignored,Simpler本地编译二进制缓存/缓存上下文/锁文件。,停跑后可清理；会触发重新编译；运行中不删除锁。
qwen3-decode-layer/simpler-operator/cache/incore_49_aic_gate_proj_9_a2a3.bin,1724,local/ignored,Simpler本地编译二进制缓存/缓存上下文/锁文件。,停跑后可清理；会触发重新编译；运行中不删除锁。
qwen3-decode-layer/simpler-operator/cache/incore_4_aiv_q_seed_a2a3.bin,620,local/ignored,Simpler本地编译二进制缓存/缓存上下文/锁文件。,停跑后可清理；会触发重新编译；运行中不删除锁。
qwen3-decode-layer/simpler-operator/cache/incore_50_aic_up_proj_9_a2a3.bin,1724,local/ignored,Simpler本地编译二进制缓存/缓存上下文/锁文件。,停跑后可清理；会触发重新编译；运行中不删除锁。
qwen3-decode-layer/simpler-operator/cache/incore_51_aic_gate_proj_10_a2a3.bin,1724,local/ignored,Simpler本地编译二进制缓存/缓存上下文/锁文件。,停跑后可清理；会触发重新编译；运行中不删除锁。
qwen3-decode-layer/simpler-operator/cache/incore_52_aic_up_proj_10_a2a3.bin,1724,local/ignored,Simpler本地编译二进制缓存/缓存上下文/锁文件。,停跑后可清理；会触发重新编译；运行中不删除锁。
qwen3-decode-layer/simpler-operator/cache/incore_53_aic_gate_proj_11_a2a3.bin,1724,local/ignored,Simpler本地编译二进制缓存/缓存上下文/锁文件。,停跑后可清理；会触发重新编译；运行中不删除锁。
qwen3-decode-layer/simpler-operator/cache/incore_54_aic_up_proj_11_a2a3.bin,1724,local/ignored,Simpler本地编译二进制缓存/缓存上下文/锁文件。,停跑后可清理；会触发重新编译；运行中不删除锁。
qwen3-decode-layer/simpler-operator/cache/incore_55_aic_gate_proj_12_a2a3.bin,1724,local/ignored,Simpler本地编译二进制缓存/缓存上下文/锁文件。,停跑后可清理；会触发重新编译；运行中不删除锁。
qwen3-decode-layer/simpler-operator/cache/incore_56_aic_up_proj_12_a2a3.bin,1724,local/ignored,Simpler本地编译二进制缓存/缓存上下文/锁文件。,停跑后可清理；会触发重新编译；运行中不删除锁。
qwen3-decode-layer/simpler-operator/cache/incore_57_aic_gate_proj_13_a2a3.bin,1724,local/ignored,Simpler本地编译二进制缓存/缓存上下文/锁文件。,停跑后可清理；会触发重新编译；运行中不删除锁。
qwen3-decode-layer/simpler-operator/cache/incore_58_aic_up_proj_13_a2a3.bin,1724,local/ignored,Simpler本地编译二进制缓存/缓存上下文/锁文件。,停跑后可清理；会触发重新编译；运行中不删除锁。
qwen3-decode-layer/simpler-operator/cache/incore_59_aic_gate_proj_14_a2a3.bin,1724,local/ignored,Simpler本地编译二进制缓存/缓存上下文/锁文件。,停跑后可清理；会触发重新编译；运行中不删除锁。
qwen3-decode-layer/simpler-operator/cache/incore_5_aic_q_proj_a2a3.bin,1764,local/ignored,Simpler本地编译二进制缓存/缓存上下文/锁文件。,停跑后可清理；会触发重新编译；运行中不删除锁。
qwen3-decode-layer/simpler-operator/cache/incore_60_aic_up_proj_14_a2a3.bin,1724,local/ignored,Simpler本地编译二进制缓存/缓存上下文/锁文件。,停跑后可清理；会触发重新编译；运行中不删除锁。
qwen3-decode-layer/simpler-operator/cache/incore_61_aic_gate_proj_15_a2a3.bin,1704,local/ignored,Simpler本地编译二进制缓存/缓存上下文/锁文件。,停跑后可清理；会触发重新编译；运行中不删除锁。
qwen3-decode-layer/simpler-operator/cache/incore_62_aic_up_proj_15_a2a3.bin,1704,local/ignored,Simpler本地编译二进制缓存/缓存上下文/锁文件。,停跑后可清理；会触发重新编译；运行中不删除锁。
qwen3-decode-layer/simpler-operator/cache/incore_63_aiv_silu_a2a3.bin,1572,local/ignored,Simpler本地编译二进制缓存/缓存上下文/锁文件。,停跑后可清理；会触发重新编译；运行中不删除锁。
qwen3-decode-layer/simpler-operator/cache/incore_64_aic_down_proj_a2a3.bin,1724,local/ignored,Simpler本地编译二进制缓存/缓存上下文/锁文件。,停跑后可清理；会触发重新编译；运行中不删除锁。
qwen3-decode-layer/simpler-operator/cache/incore_65_aiv_dcr_xgamma_a2a3.bin,696,local/ignored,Simpler本地编译二进制缓存/缓存上下文/锁文件。,停跑后可清理；会触发重新编译；运行中不删除锁。
qwen3-decode-layer/simpler-operator/cache/incore_66_aiv_copy_out_a2a3.bin,568,local/ignored,Simpler本地编译二进制缓存/缓存上下文/锁文件。,停跑后可清理；会触发重新编译；运行中不删除锁。
qwen3-decode-layer/simpler-operator/cache/incore_6_aiv_kv_seed_a2a3.bin,408,local/ignored,Simpler本地编译二进制缓存/缓存上下文/锁文件。,停跑后可清理；会触发重新编译；运行中不删除锁。
qwen3-decode-layer/simpler-operator/cache/incore_7_aiv_mlp_out_seed_a2a3.bin,2748,local/ignored,Simpler本地编译二进制缓存/缓存上下文/锁文件。,停跑后可清理；会触发重新编译；运行中不删除锁。
qwen3-decode-layer/simpler-operator/cache/incore_8_aic_k_proj_a2a3.bin,1760,local/ignored,Simpler本地编译二进制缓存/缓存上下文/锁文件。,停跑后可清理；会触发重新编译；运行中不删除锁。
qwen3-decode-layer/simpler-operator/cache/incore_9_aic_v_proj_a2a3.bin,1760,local/ignored,Simpler本地编译二进制缓存/缓存上下文/锁文件。,停跑后可清理；会触发重新编译；运行中不删除锁。
qwen3-decode-layer/simpler-operator/compiled_meta.json,2869,tracked,PyPTO replay所需编译ABI元数据：参数顺序、shape、dtype和方向等。,保留；当前replay loader绑定ABI需要。
qwen3-decode-layer/simpler-operator/kernel_config.py,11968,tracked,运行时kernel ID、源文件、核类型、参数方向和orchestration入口注册表。,保留；所有注册源文件与此表配套。
qwen3-decode-layer/simpler-operator/kernels/aic/attn_swpipe_aic.cpp,143073,tracked,mixed分页attention的QK/PV矩阵计算。,保留；kernel_config.py引用的生成核，变更分组应重新生成而非手动删文件。
qwen3-decode-layer/simpler-operator/kernels/aic/attn_swpipe_aic.o,239216,local/ignored,本机编译得到的目标文件、编排动态库或设备二进制。,停跑后可清理；需完整源码和匹配工具链重建。
qwen3-decode-layer/simpler-operator/kernels/aic/down_proj.cpp,21147,tracked,MLP Down投影。,保留；kernel_config.py引用的生成核，变更分组应重新生成而非手动删文件。
qwen3-decode-layer/simpler-operator/kernels/aic/down_proj.o,132448,local/ignored,本机编译得到的目标文件、编排动态库或设备二进制。,停跑后可清理；需完整源码和匹配工具链重建。
qwen3-decode-layer/simpler-operator/kernels/aic/gate_proj.cpp,20931,tracked,MLP Gate投影分组。,保留；kernel_config.py引用的生成核，变更分组应重新生成而非手动删文件。
qwen3-decode-layer/simpler-operator/kernels/aic/gate_proj.o,134104,local/ignored,本机编译得到的目标文件、编排动态库或设备二进制。,停跑后可清理；需完整源码和匹配工具链重建。
qwen3-decode-layer/simpler-operator/kernels/aic/gate_proj_0.cpp,21040,tracked,MLP Gate投影分组；独立注册的专用分组/调用版本，后缀不代表可删除副本。,保留；kernel_config.py引用的生成核，变更分组应重新生成而非手动删文件。
qwen3-decode-layer/simpler-operator/kernels/aic/gate_proj_0.o,134368,local/ignored,本机编译得到的目标文件、编排动态库或设备二进制。,停跑后可清理；需完整源码和匹配工具链重建。
qwen3-decode-layer/simpler-operator/kernels/aic/gate_proj_1.cpp,21040,tracked,MLP Gate投影分组；独立注册的专用分组/调用版本，后缀不代表可删除副本。,保留；kernel_config.py引用的生成核，变更分组应重新生成而非手动删文件。
qwen3-decode-layer/simpler-operator/kernels/aic/gate_proj_1.o,134448,local/ignored,本机编译得到的目标文件、编排动态库或设备二进制。,停跑后可清理；需完整源码和匹配工具链重建。
qwen3-decode-layer/simpler-operator/kernels/aic/gate_proj_10.cpp,21065,tracked,MLP Gate投影分组；独立注册的专用分组/调用版本，后缀不代表可删除副本。,保留；kernel_config.py引用的生成核，变更分组应重新生成而非手动删文件。
qwen3-decode-layer/simpler-operator/kernels/aic/gate_proj_10.o,134456,local/ignored,本机编译得到的目标文件、编排动态库或设备二进制。,停跑后可清理；需完整源码和匹配工具链重建。
qwen3-decode-layer/simpler-operator/kernels/aic/gate_proj_11.cpp,21065,tracked,MLP Gate投影分组；独立注册的专用分组/调用版本，后缀不代表可删除副本。,保留；kernel_config.py引用的生成核，变更分组应重新生成而非手动删文件。
qwen3-decode-layer/simpler-operator/kernels/aic/gate_proj_11.o,134456,local/ignored,本机编译得到的目标文件、编排动态库或设备二进制。,停跑后可清理；需完整源码和匹配工具链重建。
qwen3-decode-layer/simpler-operator/kernels/aic/gate_proj_12.cpp,21065,tracked,MLP Gate投影分组；独立注册的专用分组/调用版本，后缀不代表可删除副本。,保留；kernel_config.py引用的生成核，变更分组应重新生成而非手动删文件。
qwen3-decode-layer/simpler-operator/kernels/aic/gate_proj_12.o,134456,local/ignored,本机编译得到的目标文件、编排动态库或设备二进制。,停跑后可清理；需完整源码和匹配工具链重建。
qwen3-decode-layer/simpler-operator/kernels/aic/gate_proj_13.cpp,21065,tracked,MLP Gate投影分组；独立注册的专用分组/调用版本，后缀不代表可删除副本。,保留；kernel_config.py引用的生成核，变更分组应重新生成而非手动删文件。
qwen3-decode-layer/simpler-operator/kernels/aic/gate_proj_13.o,134456,local/ignored,本机编译得到的目标文件、编排动态库或设备二进制。,停跑后可清理；需完整源码和匹配工具链重建。
qwen3-decode-layer/simpler-operator/kernels/aic/gate_proj_14.cpp,21065,tracked,MLP Gate投影分组；独立注册的专用分组/调用版本，后缀不代表可删除副本。,保留；kernel_config.py引用的生成核，变更分组应重新生成而非手动删文件。
qwen3-decode-layer/simpler-operator/kernels/aic/gate_proj_14.o,134456,local/ignored,本机编译得到的目标文件、编排动态库或设备二进制。,停跑后可清理；需完整源码和匹配工具链重建。
qwen3-decode-layer/simpler-operator/kernels/aic/gate_proj_15.cpp,21065,tracked,MLP Gate投影分组；独立注册的专用分组/调用版本，后缀不代表可删除副本。,保留；kernel_config.py引用的生成核，变更分组应重新生成而非手动删文件。
qwen3-decode-layer/simpler-operator/kernels/aic/gate_proj_15.o,134360,local/ignored,本机编译得到的目标文件、编排动态库或设备二进制。,停跑后可清理；需完整源码和匹配工具链重建。
qwen3-decode-layer/simpler-operator/kernels/aic/gate_proj_2.cpp,21040,tracked,MLP Gate投影分组；独立注册的专用分组/调用版本，后缀不代表可删除副本。,保留；kernel_config.py引用的生成核，变更分组应重新生成而非手动删文件。
qwen3-decode-layer/simpler-operator/kernels/aic/gate_proj_2.o,134448,local/ignored,本机编译得到的目标文件、编排动态库或设备二进制。,停跑后可清理；需完整源码和匹配工具链重建。
qwen3-decode-layer/simpler-operator/kernels/aic/gate_proj_3.cpp,21040,tracked,MLP Gate投影分组；独立注册的专用分组/调用版本，后缀不代表可删除副本。,保留；kernel_config.py引用的生成核，变更分组应重新生成而非手动删文件。
qwen3-decode-layer/simpler-operator/kernels/aic/gate_proj_3.o,134448,local/ignored,本机编译得到的目标文件、编排动态库或设备二进制。,停跑后可清理；需完整源码和匹配工具链重建。
qwen3-decode-layer/simpler-operator/kernels/aic/gate_proj_4.cpp,21040,tracked,MLP Gate投影分组；独立注册的专用分组/调用版本，后缀不代表可删除副本。,保留；kernel_config.py引用的生成核，变更分组应重新生成而非手动删文件。
qwen3-decode-layer/simpler-operator/kernels/aic/gate_proj_4.o,134448,local/ignored,本机编译得到的目标文件、编排动态库或设备二进制。,停跑后可清理；需完整源码和匹配工具链重建。
qwen3-decode-layer/simpler-operator/kernels/aic/gate_proj_5.cpp,21040,tracked,MLP Gate投影分组；独立注册的专用分组/调用版本，后缀不代表可删除副本。,保留；kernel_config.py引用的生成核，变更分组应重新生成而非手动删文件。
qwen3-decode-layer/simpler-operator/kernels/aic/gate_proj_5.o,134448,local/ignored,本机编译得到的目标文件、编排动态库或设备二进制。,停跑后可清理；需完整源码和匹配工具链重建。
qwen3-decode-layer/simpler-operator/kernels/aic/gate_proj_6.cpp,21059,tracked,MLP Gate投影分组；独立注册的专用分组/调用版本，后缀不代表可删除副本。,保留；kernel_config.py引用的生成核，变更分组应重新生成而非手动删文件。
qwen3-decode-layer/simpler-operator/kernels/aic/gate_proj_6.o,134456,local/ignored,本机编译得到的目标文件、编排动态库或设备二进制。,停跑后可清理；需完整源码和匹配工具链重建。
qwen3-decode-layer/simpler-operator/kernels/aic/gate_proj_7.cpp,21059,tracked,MLP Gate投影分组；独立注册的专用分组/调用版本，后缀不代表可删除副本。,保留；kernel_config.py引用的生成核，变更分组应重新生成而非手动删文件。
qwen3-decode-layer/simpler-operator/kernels/aic/gate_proj_7.o,134456,local/ignored,本机编译得到的目标文件、编排动态库或设备二进制。,停跑后可清理；需完整源码和匹配工具链重建。
qwen3-decode-layer/simpler-operator/kernels/aic/gate_proj_8.cpp,21059,tracked,MLP Gate投影分组；独立注册的专用分组/调用版本，后缀不代表可删除副本。,保留；kernel_config.py引用的生成核，变更分组应重新生成而非手动删文件。
qwen3-decode-layer/simpler-operator/kernels/aic/gate_proj_8.o,134456,local/ignored,本机编译得到的目标文件、编排动态库或设备二进制。,停跑后可清理；需完整源码和匹配工具链重建。
qwen3-decode-layer/simpler-operator/kernels/aic/gate_proj_9.cpp,21062,tracked,MLP Gate投影分组；独立注册的专用分组/调用版本，后缀不代表可删除副本。,保留；kernel_config.py引用的生成核，变更分组应重新生成而非手动删文件。
qwen3-decode-layer/simpler-operator/kernels/aic/gate_proj_9.o,134456,local/ignored,本机编译得到的目标文件、编排动态库或设备二进制。,停跑后可清理；需完整源码和匹配工具链重建。
qwen3-decode-layer/simpler-operator/kernels/aic/k_proj.cpp,21820,tracked,K投影矩阵乘。,保留；kernel_config.py引用的生成核，变更分组应重新生成而非手动删文件。
qwen3-decode-layer/simpler-operator/kernels/aic/k_proj.o,133848,local/ignored,本机编译得到的目标文件、编排动态库或设备二进制。,停跑后可清理；需完整源码和匹配工具链重建。
qwen3-decode-layer/simpler-operator/kernels/aic/out_proj.cpp,25259,tracked,attention输出投影分组。,保留；kernel_config.py引用的生成核，变更分组应重新生成而非手动删文件。
qwen3-decode-layer/simpler-operator/kernels/aic/out_proj.o,127768,local/ignored,本机编译得到的目标文件、编排动态库或设备二进制。,停跑后可清理；需完整源码和匹配工具链重建。
qwen3-decode-layer/simpler-operator/kernels/aic/out_proj_0.cpp,25380,tracked,attention输出投影分组；独立注册的专用分组/调用版本，后缀不代表可删除副本。,保留；kernel_config.py引用的生成核，变更分组应重新生成而非手动删文件。
qwen3-decode-layer/simpler-operator/kernels/aic/out_proj_0.o,127936,local/ignored,本机编译得到的目标文件、编排动态库或设备二进制。,停跑后可清理；需完整源码和匹配工具链重建。
qwen3-decode-layer/simpler-operator/kernels/aic/out_proj_1.cpp,25382,tracked,attention输出投影分组；独立注册的专用分组/调用版本，后缀不代表可删除副本。,保留；kernel_config.py引用的生成核，变更分组应重新生成而非手动删文件。
qwen3-decode-layer/simpler-operator/kernels/aic/out_proj_1.o,127936,local/ignored,本机编译得到的目标文件、编排动态库或设备二进制。,停跑后可清理；需完整源码和匹配工具链重建。
qwen3-decode-layer/simpler-operator/kernels/aic/out_proj_2.cpp,25382,tracked,attention输出投影分组；独立注册的专用分组/调用版本，后缀不代表可删除副本。,保留；kernel_config.py引用的生成核，变更分组应重新生成而非手动删文件。
qwen3-decode-layer/simpler-operator/kernels/aic/out_proj_2.o,127936,local/ignored,本机编译得到的目标文件、编排动态库或设备二进制。,停跑后可清理；需完整源码和匹配工具链重建。
qwen3-decode-layer/simpler-operator/kernels/aic/out_proj_3.cpp,25382,tracked,attention输出投影分组；独立注册的专用分组/调用版本，后缀不代表可删除副本。,保留；kernel_config.py引用的生成核，变更分组应重新生成而非手动删文件。
qwen3-decode-layer/simpler-operator/kernels/aic/out_proj_3.o,127936,local/ignored,本机编译得到的目标文件、编排动态库或设备二进制。,停跑后可清理；需完整源码和匹配工具链重建。
qwen3-decode-layer/simpler-operator/kernels/aic/out_proj_4.cpp,25382,tracked,attention输出投影分组；独立注册的专用分组/调用版本，后缀不代表可删除副本。,保留；kernel_config.py引用的生成核，变更分组应重新生成而非手动删文件。
qwen3-decode-layer/simpler-operator/kernels/aic/out_proj_4.o,127936,local/ignored,本机编译得到的目标文件、编排动态库或设备二进制。,停跑后可清理；需完整源码和匹配工具链重建。
qwen3-decode-layer/simpler-operator/kernels/aic/out_proj_5.cpp,25382,tracked,attention输出投影分组；独立注册的专用分组/调用版本，后缀不代表可删除副本。,保留；kernel_config.py引用的生成核，变更分组应重新生成而非手动删文件。
qwen3-decode-layer/simpler-operator/kernels/aic/out_proj_5.o,127936,local/ignored,本机编译得到的目标文件、编排动态库或设备二进制。,停跑后可清理；需完整源码和匹配工具链重建。
qwen3-decode-layer/simpler-operator/kernels/aic/out_proj_6.cpp,25401,tracked,attention输出投影分组；独立注册的专用分组/调用版本，后缀不代表可删除副本。,保留；kernel_config.py引用的生成核，变更分组应重新生成而非手动删文件。
qwen3-decode-layer/simpler-operator/kernels/aic/out_proj_6.o,127936,local/ignored,本机编译得到的目标文件、编排动态库或设备二进制。,停跑后可清理；需完整源码和匹配工具链重建。
qwen3-decode-layer/simpler-operator/kernels/aic/out_proj_7.cpp,25401,tracked,attention输出投影分组；独立注册的专用分组/调用版本，后缀不代表可删除副本。,保留；kernel_config.py引用的生成核，变更分组应重新生成而非手动删文件。
qwen3-decode-layer/simpler-operator/kernels/aic/out_proj_7.o,127936,local/ignored,本机编译得到的目标文件、编排动态库或设备二进制。,停跑后可清理；需完整源码和匹配工具链重建。
qwen3-decode-layer/simpler-operator/kernels/aic/out_proj_8.cpp,25401,tracked,attention输出投影分组；独立注册的专用分组/调用版本，后缀不代表可删除副本。,保留；kernel_config.py引用的生成核，变更分组应重新生成而非手动删文件。
qwen3-decode-layer/simpler-operator/kernels/aic/out_proj_8.o,127936,local/ignored,本机编译得到的目标文件、编排动态库或设备二进制。,停跑后可清理；需完整源码和匹配工具链重建。
qwen3-decode-layer/simpler-operator/kernels/aic/q_proj.cpp,21830,tracked,Q投影Split-K矩阵乘。,保留；kernel_config.py引用的生成核，变更分组应重新生成而非手动删文件。
qwen3-decode-layer/simpler-operator/kernels/aic/q_proj.o,133632,local/ignored,本机编译得到的目标文件、编排动态库或设备二进制。,停跑后可清理；需完整源码和匹配工具链重建。
qwen3-decode-layer/simpler-operator/kernels/aic/up_proj.cpp,20827,tracked,MLP Up投影分组。,保留；kernel_config.py引用的生成核，变更分组应重新生成而非手动删文件。
qwen3-decode-layer/simpler-operator/kernels/aic/up_proj.o,134096,local/ignored,本机编译得到的目标文件、编排动态库或设备二进制。,停跑后可清理；需完整源码和匹配工具链重建。
qwen3-decode-layer/simpler-operator/kernels/aic/up_proj_0.cpp,20934,tracked,MLP Up投影分组；独立注册的专用分组/调用版本，后缀不代表可删除副本。,保留；kernel_config.py引用的生成核，变更分组应重新生成而非手动删文件。
qwen3-decode-layer/simpler-operator/kernels/aic/up_proj_0.o,134344,local/ignored,本机编译得到的目标文件、编排动态库或设备二进制。,停跑后可清理；需完整源码和匹配工具链重建。
qwen3-decode-layer/simpler-operator/kernels/aic/up_proj_1.cpp,20934,tracked,MLP Up投影分组；独立注册的专用分组/调用版本，后缀不代表可删除副本。,保留；kernel_config.py引用的生成核，变更分组应重新生成而非手动删文件。
qwen3-decode-layer/simpler-operator/kernels/aic/up_proj_1.o,134424,local/ignored,本机编译得到的目标文件、编排动态库或设备二进制。,停跑后可清理；需完整源码和匹配工具链重建。
qwen3-decode-layer/simpler-operator/kernels/aic/up_proj_10.cpp,20959,tracked,MLP Up投影分组；独立注册的专用分组/调用版本，后缀不代表可删除副本。,保留；kernel_config.py引用的生成核，变更分组应重新生成而非手动删文件。
qwen3-decode-layer/simpler-operator/kernels/aic/up_proj_10.o,134432,local/ignored,本机编译得到的目标文件、编排动态库或设备二进制。,停跑后可清理；需完整源码和匹配工具链重建。
qwen3-decode-layer/simpler-operator/kernels/aic/up_proj_11.cpp,20959,tracked,MLP Up投影分组；独立注册的专用分组/调用版本，后缀不代表可删除副本。,保留；kernel_config.py引用的生成核，变更分组应重新生成而非手动删文件。
qwen3-decode-layer/simpler-operator/kernels/aic/up_proj_11.o,134432,local/ignored,本机编译得到的目标文件、编排动态库或设备二进制。,停跑后可清理；需完整源码和匹配工具链重建。
qwen3-decode-layer/simpler-operator/kernels/aic/up_proj_12.cpp,20959,tracked,MLP Up投影分组；独立注册的专用分组/调用版本，后缀不代表可删除副本。,保留；kernel_config.py引用的生成核，变更分组应重新生成而非手动删文件。
qwen3-decode-layer/simpler-operator/kernels/aic/up_proj_12.o,134432,local/ignored,本机编译得到的目标文件、编排动态库或设备二进制。,停跑后可清理；需完整源码和匹配工具链重建。
qwen3-decode-layer/simpler-operator/kernels/aic/up_proj_13.cpp,20959,tracked,MLP Up投影分组；独立注册的专用分组/调用版本，后缀不代表可删除副本。,保留；kernel_config.py引用的生成核，变更分组应重新生成而非手动删文件。
qwen3-decode-layer/simpler-operator/kernels/aic/up_proj_13.o,134432,local/ignored,本机编译得到的目标文件、编排动态库或设备二进制。,停跑后可清理；需完整源码和匹配工具链重建。
qwen3-decode-layer/simpler-operator/kernels/aic/up_proj_14.cpp,20959,tracked,MLP Up投影分组；独立注册的专用分组/调用版本，后缀不代表可删除副本。,保留；kernel_config.py引用的生成核，变更分组应重新生成而非手动删文件。
qwen3-decode-layer/simpler-operator/kernels/aic/up_proj_14.o,134432,local/ignored,本机编译得到的目标文件、编排动态库或设备二进制。,停跑后可清理；需完整源码和匹配工具链重建。
qwen3-decode-layer/simpler-operator/kernels/aic/up_proj_15.cpp,20959,tracked,MLP Up投影分组；独立注册的专用分组/调用版本，后缀不代表可删除副本。,保留；kernel_config.py引用的生成核，变更分组应重新生成而非手动删文件。
qwen3-decode-layer/simpler-operator/kernels/aic/up_proj_15.o,134344,local/ignored,本机编译得到的目标文件、编排动态库或设备二进制。,停跑后可清理；需完整源码和匹配工具链重建。
qwen3-decode-layer/simpler-operator/kernels/aic/up_proj_2.cpp,20934,tracked,MLP Up投影分组；独立注册的专用分组/调用版本，后缀不代表可删除副本。,保留；kernel_config.py引用的生成核，变更分组应重新生成而非手动删文件。
qwen3-decode-layer/simpler-operator/kernels/aic/up_proj_2.o,134424,local/ignored,本机编译得到的目标文件、编排动态库或设备二进制。,停跑后可清理；需完整源码和匹配工具链重建。
qwen3-decode-layer/simpler-operator/kernels/aic/up_proj_3.cpp,20934,tracked,MLP Up投影分组；独立注册的专用分组/调用版本，后缀不代表可删除副本。,保留；kernel_config.py引用的生成核，变更分组应重新生成而非手动删文件。
qwen3-decode-layer/simpler-operator/kernels/aic/up_proj_3.o,134424,local/ignored,本机编译得到的目标文件、编排动态库或设备二进制。,停跑后可清理；需完整源码和匹配工具链重建。
qwen3-decode-layer/simpler-operator/kernels/aic/up_proj_4.cpp,20934,tracked,MLP Up投影分组；独立注册的专用分组/调用版本，后缀不代表可删除副本。,保留；kernel_config.py引用的生成核，变更分组应重新生成而非手动删文件。
qwen3-decode-layer/simpler-operator/kernels/aic/up_proj_4.o,134424,local/ignored,本机编译得到的目标文件、编排动态库或设备二进制。,停跑后可清理；需完整源码和匹配工具链重建。
qwen3-decode-layer/simpler-operator/kernels/aic/up_proj_5.cpp,20934,tracked,MLP Up投影分组；独立注册的专用分组/调用版本，后缀不代表可删除副本。,保留；kernel_config.py引用的生成核，变更分组应重新生成而非手动删文件。
qwen3-decode-layer/simpler-operator/kernels/aic/up_proj_5.o,134424,local/ignored,本机编译得到的目标文件、编排动态库或设备二进制。,停跑后可清理；需完整源码和匹配工具链重建。
qwen3-decode-layer/simpler-operator/kernels/aic/up_proj_6.cpp,20953,tracked,MLP Up投影分组；独立注册的专用分组/调用版本，后缀不代表可删除副本。,保留；kernel_config.py引用的生成核，变更分组应重新生成而非手动删文件。
qwen3-decode-layer/simpler-operator/kernels/aic/up_proj_6.o,134424,local/ignored,本机编译得到的目标文件、编排动态库或设备二进制。,停跑后可清理；需完整源码和匹配工具链重建。
qwen3-decode-layer/simpler-operator/kernels/aic/up_proj_7.cpp,20953,tracked,MLP Up投影分组；独立注册的专用分组/调用版本，后缀不代表可删除副本。,保留；kernel_config.py引用的生成核，变更分组应重新生成而非手动删文件。
qwen3-decode-layer/simpler-operator/kernels/aic/up_proj_7.o,134424,local/ignored,本机编译得到的目标文件、编排动态库或设备二进制。,停跑后可清理；需完整源码和匹配工具链重建。
qwen3-decode-layer/simpler-operator/kernels/aic/up_proj_8.cpp,20953,tracked,MLP Up投影分组；独立注册的专用分组/调用版本，后缀不代表可删除副本。,保留；kernel_config.py引用的生成核，变更分组应重新生成而非手动删文件。
qwen3-decode-layer/simpler-operator/kernels/aic/up_proj_8.o,134424,local/ignored,本机编译得到的目标文件、编排动态库或设备二进制。,停跑后可清理；需完整源码和匹配工具链重建。
qwen3-decode-layer/simpler-operator/kernels/aic/up_proj_9.cpp,20956,tracked,MLP Up投影分组；独立注册的专用分组/调用版本，后缀不代表可删除副本。,保留；kernel_config.py引用的生成核，变更分组应重新生成而非手动删文件。
qwen3-decode-layer/simpler-operator/kernels/aic/up_proj_9.o,134424,local/ignored,本机编译得到的目标文件、编排动态库或设备二进制。,停跑后可清理；需完整源码和匹配工具链重建。
qwen3-decode-layer/simpler-operator/kernels/aic/v_proj.cpp,21820,tracked,V投影矩阵乘。,保留；kernel_config.py引用的生成核，变更分组应重新生成而非手动删文件。
qwen3-decode-layer/simpler-operator/kernels/aic/v_proj.o,133848,local/ignored,本机编译得到的目标文件、编排动态库或设备二进制。,停跑后可清理；需完整源码和匹配工具链重建。
qwen3-decode-layer/simpler-operator/kernels/aiv/attn_out_seed.cpp,5339,tracked,初始化attention输出缓冲。,保留；kernel_config.py引用的生成核，变更分组应重新生成而非手动删文件。
qwen3-decode-layer/simpler-operator/kernels/aiv/attn_out_seed.o,59472,local/ignored,本机编译得到的目标文件、编排动态库或设备二进制。,停跑后可清理；需完整源码和匹配工具链重建。
qwen3-decode-layer/simpler-operator/kernels/aiv/attn_phase0.cpp,117361,tracked,QK归一化、RoPE及KV cache等attention前处理。,保留；kernel_config.py引用的生成核，变更分组应重新生成而非手动删文件。
qwen3-decode-layer/simpler-operator/kernels/aiv/attn_phase0.o,486672,local/ignored,本机编译得到的目标文件、编排动态库或设备二进制。,停跑后可清理；需完整源码和匹配工具链重建。
qwen3-decode-layer/simpler-operator/kernels/aiv/attn_swpipe_aiv.cpp,143235,tracked,mixed分页attention的数据搬运、softmax和向量协作。,保留；kernel_config.py引用的生成核，变更分组应重新生成而非手动删文件。
qwen3-decode-layer/simpler-operator/kernels/aiv/attn_swpipe_aiv.o,288104,local/ignored,本机编译得到的目标文件、编排动态库或设备二进制。,停跑后可清理；需完整源码和匹配工具链重建。
qwen3-decode-layer/simpler-operator/kernels/aiv/copy_hidden.cpp,8099,tracked,输入hidden复制。,保留；kernel_config.py引用的生成核，变更分组应重新生成而非手动删文件。
qwen3-decode-layer/simpler-operator/kernels/aiv/copy_hidden.o,81528,local/ignored,本机编译得到的目标文件、编排动态库或设备二进制。,停跑后可清理；需完整源码和匹配工具链重建。
qwen3-decode-layer/simpler-operator/kernels/aiv/copy_out.cpp,7672,tracked,最终输出拷贝。,保留；kernel_config.py引用的生成核，变更分组应重新生成而非手动删文件。
qwen3-decode-layer/simpler-operator/kernels/aiv/copy_out.o,80952,local/ignored,本机编译得到的目标文件、编排动态库或设备二进制。,停跑后可清理；需完整源码和匹配工具链重建。
qwen3-decode-layer/simpler-operator/kernels/aiv/dcr_xgamma.cpp,15679,tracked,Down投影后残差与归一化相关处理。,保留；kernel_config.py引用的生成核，变更分组应重新生成而非手动删文件。
qwen3-decode-layer/simpler-operator/kernels/aiv/dcr_xgamma.o,113728,local/ignored,本机编译得到的目标文件、编排动态库或设备二进制。,停跑后可清理；需完整源码和匹配工具链重建。
qwen3-decode-layer/simpler-operator/kernels/aiv/kv_seed.cpp,6663,tracked,初始化K/V投影累加缓冲。,保留；kernel_config.py引用的生成核，变更分组应重新生成而非手动删文件。
qwen3-decode-layer/simpler-operator/kernels/aiv/kv_seed.o,62168,local/ignored,本机编译得到的目标文件、编排动态库或设备二进制。,停跑后可清理；需完整源码和匹配工具链重建。
qwen3-decode-layer/simpler-operator/kernels/aiv/mlp_out_seed.cpp,25450,tracked,初始化MLP相关输出/累加缓冲。,保留；kernel_config.py引用的生成核，变更分组应重新生成而非手动删文件。
qwen3-decode-layer/simpler-operator/kernels/aiv/mlp_out_seed.o,116992,local/ignored,本机编译得到的目标文件、编排动态库或设备二进制。,停跑后可清理；需完整源码和匹配工具链重建。
qwen3-decode-layer/simpler-operator/kernels/aiv/post_rms_reduce.cpp,19390,tracked,后RMS统计归约。,保留；kernel_config.py引用的生成核，变更分组应重新生成而非手动删文件。
qwen3-decode-layer/simpler-operator/kernels/aiv/post_rms_reduce.o,136720,local/ignored,本机编译得到的目标文件、编排动态库或设备二进制。,停跑后可清理；需完整源码和匹配工具链重建。
qwen3-decode-layer/simpler-operator/kernels/aiv/q_seed.cpp,6643,tracked,初始化Q投影累加缓冲。,保留；kernel_config.py引用的生成核，变更分组应重新生成而非手动删文件。
qwen3-decode-layer/simpler-operator/kernels/aiv/q_seed.o,62824,local/ignored,本机编译得到的目标文件、编排动态库或设备二进制。,停跑后可清理；需完整源码和匹配工具链重建。
qwen3-decode-layer/simpler-operator/kernels/aiv/residual_rms_cast.cpp,23711,tracked,残差相加、类型转换及后RMS局部统计。,保留；kernel_config.py引用的生成核，变更分组应重新生成而非手动删文件。
qwen3-decode-layer/simpler-operator/kernels/aiv/residual_rms_cast.o,131960,local/ignored,本机编译得到的目标文件、编排动态库或设备二进制。,停跑后可清理；需完整源码和匹配工具链重建。
qwen3-decode-layer/simpler-operator/kernels/aiv/residual_rms_cast_0.cpp,23884,tracked,残差相加、类型转换及后RMS局部统计；独立注册的专用分组/调用版本，后缀不代表可删除副本。,保留；kernel_config.py引用的生成核，变更分组应重新生成而非手动删文件。
qwen3-decode-layer/simpler-operator/kernels/aiv/residual_rms_cast_0.o,132408,local/ignored,本机编译得到的目标文件、编排动态库或设备二进制。,停跑后可清理；需完整源码和匹配工具链重建。
qwen3-decode-layer/simpler-operator/kernels/aiv/residual_rms_cast_1.cpp,23884,tracked,残差相加、类型转换及后RMS局部统计；独立注册的专用分组/调用版本，后缀不代表可删除副本。,保留；kernel_config.py引用的生成核，变更分组应重新生成而非手动删文件。
qwen3-decode-layer/simpler-operator/kernels/aiv/residual_rms_cast_1.o,132416,local/ignored,本机编译得到的目标文件、编排动态库或设备二进制。,停跑后可清理；需完整源码和匹配工具链重建。
qwen3-decode-layer/simpler-operator/kernels/aiv/residual_rms_cast_2.cpp,23894,tracked,残差相加、类型转换及后RMS局部统计；独立注册的专用分组/调用版本，后缀不代表可删除副本。,保留；kernel_config.py引用的生成核，变更分组应重新生成而非手动删文件。
qwen3-decode-layer/simpler-operator/kernels/aiv/residual_rms_cast_2.o,132416,local/ignored,本机编译得到的目标文件、编排动态库或设备二进制。,停跑后可清理；需完整源码和匹配工具链重建。
qwen3-decode-layer/simpler-operator/kernels/aiv/residual_rms_cast_3.cpp,23922,tracked,残差相加、类型转换及后RMS局部统计；独立注册的专用分组/调用版本，后缀不代表可删除副本。,保留；kernel_config.py引用的生成核，变更分组应重新生成而非手动删文件。
qwen3-decode-layer/simpler-operator/kernels/aiv/residual_rms_cast_3.o,132472,local/ignored,本机编译得到的目标文件、编排动态库或设备二进制。,停跑后可清理；需完整源码和匹配工具链重建。
qwen3-decode-layer/simpler-operator/kernels/aiv/rms_recip.cpp,23638,tracked,计算RMS归一化倒数。,保留；kernel_config.py引用的生成核，变更分组应重新生成而非手动删文件。
qwen3-decode-layer/simpler-operator/kernels/aiv/rms_recip.o,143688,local/ignored,本机编译得到的目标文件、编排动态库或设备二进制。,停跑后可清理；需完整源码和匹配工具链重建。
qwen3-decode-layer/simpler-operator/kernels/aiv/silu.cpp,24528,tracked,对应Gate/Up的SiLU激活与逐元素乘积。,保留；kernel_config.py引用的生成核，变更分组应重新生成而非手动删文件。
qwen3-decode-layer/simpler-operator/kernels/aiv/silu.o,155112,local/ignored,本机编译得到的目标文件、编排动态库或设备二进制。,停跑后可清理；需完整源码和匹配工具链重建。
qwen3-decode-layer/simpler-operator/kernels/aiv/x_gamma0.cpp,15311,tracked,输入RMS相关的gamma加权准备。,保留；kernel_config.py引用的生成核，变更分组应重新生成而非手动删文件。
qwen3-decode-layer/simpler-operator/kernels/aiv/x_gamma0.o,124176,local/ignored,本机编译得到的目标文件、编排动态库或设备二进制。,停跑后可清理；需完整源码和匹配工具链重建。
qwen3-decode-layer/simpler-operator/orchestration/decode_fwd_layers.cpp,147606,tracked,生成的AICPU编排：创建/提交任务、传递参数、连接依赖和中间张量。,保留；删除会使随包Simpler无法重建运行。
qwen3-decode-layer/simpler-operator/orchestration/decode_fwd_layers.so,1457704,local/ignored,本机编译得到的目标文件、编排动态库或设备二进制。,停跑后可清理；需完整源码和匹配工具链重建。
qwen3-decode-layer/simpler-operator/test_qwen3_decode_layer.py,480,tracked,Simpler replay薄入口，导入兄弟Python目录并传入runtime_dir执行生成C++。,保留；当前Simpler命令入口。
